Workbook

Sheet Instrucciones
A1: QUINIELA MUNDIAL 2026 — Cómo llenar tu pronóstico
A3: Fecha límite: 11 de junio de 2026, antes del primer partido.
A5: 1) Hoja GRUPOS — pon el marcador (goles) de los 72 partidos de la fase de grupos.
A6: Solo escribes goles en las celdas amarillas; los equipos ya están fijos.
A7: La tabla de la derecha de cada grupo se ordena sola con los desempates oficiales FIFA.
A9: 2) Hoja ELIMINATORIAS — tu cuadro se arma solo desde tus grupos (1º, 2º y los 8 mejores terceros).
A10: Elige el GANADOR de cada llave en la lista desplegable. La ronda siguiente se llena con tus ganadores.
A11: Aquí no se ponen goles, solo quién avanza, hasta el campeón.
A13: 3) Hoja ESPECIALES — el campeón sale solo de tu cuadro. Completa goleador, primer eliminado y sorpresa.
A15: CÓMO SE PUNTÚA (máximo 718 puntos):
A16: • Grupos (50%): marcador exacto 5 · solo diferencia 3 · solo resultado (1X2) 2. Te quedas con el más alto.
A17: • Avance KO (35%): por cada equipo tuyo que llega a la ronda — R32 2 · R16 4 · Cuartos 6 · Semis 10 · Final 16.
... A21: Devuelve este mismo archivo lleno. ¡Suerte!

Sheet Grupos
A1: QUINIELA MUNDIAL 2026 — Pronóstico
A2: Jugador: | D2: Fecha límite: 11-jun-2026 (antes del 1er partido)
A3: Pon el marcador (goles) de los 72 partidos. Las celdas amarillas son tu input. La tabla de la derecha se ordena sola.
A5: GRUPO A | H5: # | I5: Equipo | J5: Pts | K5: DG | L5: GF
B6: Fecha | C6: Local | F6: Visita
B7: 06-11 | C7: México | F7: Sudáfrica | H7: 1 | I7: =IFERROR(VLOOKUP(INDEX(_calc!$B$2:$B$5,MATCH(1,_calc!$L$2:$L$5,0)),_eq!$A:$B,2,FALSE),"") | J7: =IFERROR(INDEX(_calc!$D$2:$D$5,MATCH(1,_calc!$L$2:$L$5,0)),"") | K7: =IFERROR(INDEX(_calc!$G$2:$G$5,MATCH(1,_calc!$L$2:$L$5,0)),"") | L7: =IFERROR(INDEX(_calc!$E$2:$E$5,MATCH(1,_calc!$L$2:$L$5,0)),"")
B8: 06-11 | C8: Corea del Sur | F8: Chequia | H8: 2 | I8: =IFERROR(VLOOKUP(INDEX(_calc!$B$2:$B$5,MATCH(2,_calc!$L$2:$L$5,0)),_eq!$A:$B,2,FALSE),"") | J8: =IFERROR(INDEX(_calc!$D$2:$D$5,MATCH(2,_calc!$L$2:$L$5,0)),"") | K8: =IFERROR(INDEX(_calc!$G$2:$G$5,MATCH(2,_calc!$L$2:$L$5,0)),"") | L8: =IFERROR(INDEX(_calc!$E$2:$E$5,MATCH(2,_calc!$L$2:$L$5,0)),"")
B9: 06-18 | C9: Chequia | F9: Sudáfrica | H9: 3 | I9: =IFERROR(VLOOKUP(INDEX(_calc!$B$2:$B$5,MATCH(3,_calc!$L$2:$L$5,0)),_eq!$A:$B,2,FALSE),"") | J9: =IFERROR(INDEX(_calc!$D$2:$D$5,MATCH(3,_calc!$L$2:$L$5,0)),"") | K9: =IFERROR(INDEX(_calc!$G$2:$G$5,MATCH(3,_calc!$L$2:$L$5,0)),"") | L9: =IFERROR(INDEX(_calc!$E$2:$E$5,MATCH(3,_calc!$L$2:$L$5,0)),"")
B10: 06-18 | C10: México | F10: Corea del Sur | H10: 4 | I10: =IFERROR(VLOOKUP(INDEX(_calc!$B$2:$B$5,MATCH(4,_calc!$L$2:$L$5,0)),_eq!$A:$B,2,FALSE),"") | J10: =IFERROR(INDEX(_calc!$D$2:$D$5,MATCH(4,_calc!$L$2:$L$5,0)),"") | K10: =IFERROR(INDEX(_calc!$G$2:$G$5,MATCH(4,_calc!$L$2:$L$5,0)),"") | L10: =IFERROR(INDEX(_calc!$E$2:$E$5,MATCH(4,_calc!$L$2:$L$5,0)),"")
B11: 06-24 | C11: Chequia | F11: México
B12: 06-24 | C12: Sudáfrica | F12: Corea del Sur
A14: GRUPO B | H14: # | I14: Equipo | J14: Pts | K14: DG | L14: GF
B15: Fecha | C15: Local | F15: Visita
B16: 06-12 | C16: Canadá | F16: Bosnia y Herzegovina | H16: 1 | I16: =IFERROR(VLOOKUP(INDEX(_calc!$B$6:$B$9,MATCH(1,_calc!$L$6:$L$9,0)),_eq!$A:$B,2,FALSE),"") | J16: =IFERROR(INDEX(_calc!$D$6:$D$9,MATCH(1,_calc!$L$6:$L$9,0)),"") | K16: =IFERROR(INDEX(_calc!$G$6:$G$9,MATCH(1,_calc!$L$6:$L$9,0)),"") | L16: =IFERROR(INDEX(_calc!$E$6:$E$9,MATCH(1,_calc!$L$6:$L$9,0)),"")
B17: 06-13 | C17: Catar | F17: Suiza | H17: 2 | I17: =IFERROR(VLOOKUP(INDEX(_calc!$B$6:$B$9,MATCH(2,_calc!$L$6:$L$9,0)),_eq!$A:$B,2,FALSE),"") | J17: =IFERROR(INDEX(_calc!$D$6:$D$9,MATCH(2,_calc!$L$6:$L$9,0)),"") | K17: =IFERROR(INDEX(_calc!$G$6:$G$9,MATCH(2,_calc!$L$6:$L$9,0)),"") | L17: =IFERROR(INDEX(_calc!$E$6:$E$9,MATCH(2,_calc!$L$6:$L$9,0)),"")
B18: 06-18 | C18: Suiza | F18: Bosnia y Herzegovina | H18: 3 | I18: =IFERROR(VLOOKUP(INDEX(_calc!$B$6:$B$9,MATCH(3,_calc!$L$6:$L$9,0)),_eq!$A:$B,2,FALSE),"") | J18: =IFERROR(INDEX(_calc!$D$6:$D$9,MATCH(3,_calc!$L$6:$L$9,0)),"") | K18: =IFERROR(INDEX(_calc!$G$6:$G$9,MATCH(3,_calc!$L$6:$L$9,0)),"") | L18: =IFERROR(INDEX(_calc!$E$6:$E$9,MATCH(3,_calc!$L$6:$L$9,0)),"")
B19: 06-18 | C19: Canadá | F19: Catar | H19: 4 | I19: =IFERROR(VLOOKUP(INDEX(_calc!$B$6:$B$9,MATCH(4,_calc!$L$6:$L$9,0)),_eq!$A:$B,2,FALSE),"") | J19: =IFERROR(INDEX(_calc!$D$6:$D$9,MATCH(4,_calc!$L$6:$L$9,0)),"") | K19: =IFERROR(INDEX(_calc!$G$6:$G$9,MATCH(4,_calc!$L$6:$L$9,0)),"") | L19: =IFERROR(INDEX(_calc!$E$6:$E$9,MATCH(4,_calc!$L$6:$L$9,0)),"")
B20: 06-24 | C20: Suiza | F20: Canadá
B21: 06-24 | C21: Bosnia y Herzegovina | F21: Catar
A23: GRUPO C | H23: # | I23: Equipo | J23: Pts | K23: DG | L23: GF
B24: Fecha | C24: Local | F24: Visita
B25: 06-13 | C25: Brasil | F25: Marruecos | H25: 1 | I25: =IFERROR(VLOOKUP(INDEX(_calc!$B$10:$B$13,MATCH(1,_calc!$L$10:$L$13,0)),_eq!$A:$B,2,FALSE),"") | J25: =IFERROR(INDEX(_calc!$D$10:$D$13,MATCH(1,_calc!$L$10:$L$13,0)),"") | K25: =IFERROR(INDEX(_calc!$G$10:$G$13,MATCH(1,_calc!$L$10:$L$13,0)),"") | L25: =IFERROR(INDEX(_calc!$E$10:$E$13,MATCH(1,_calc!$L$10:$L$13,0)),"")
B26: 06-13 | C26: Haití | F26: Escocia | H26: 2 | I26: =IFERROR(VLOOKUP(INDEX(_calc!$B$10:$B$13,MATCH(2,_calc!$L$10:$L$13,0)),_eq!$A:$B,2,FALSE),"") | J26: =IFERROR(INDEX(_calc!$D$10:$D$13,MATCH(2,_calc!$L$10:$L$13,0)),"") | K26: =IFERROR(INDEX(_calc!$G$10:$G$13,MATCH(2,_calc!$L$10:$L$13,0)),"") | L26: =IFERROR(INDEX(_calc!$E$10:$E$13,MATCH(2,_calc!$L$10:$L$13,0)),"")
B27: 06-19 | C27: Escocia | F27: Marruecos | H27: 3 | I27: =IFERROR(VLOOKUP(INDEX(_calc!$B$10:$B$13,MATCH(3,_calc!$L$10:$L$13,0)),_eq!$A:$B,2,FALSE),"") | J27: =IFERROR(INDEX(_calc!$D$10:$D$13,MATCH(3,_calc!$L$10:$L$13,0)),"") | K27: =IFERROR(INDEX(_calc!$G$10:$G$13,MATCH(3,_calc!$L$10:$L$13,0)),"") | L27: =IFERROR(INDEX(_calc!$E$10:$E$13,MATCH(3,_calc!$L$10:$L$13,0)),"")
B28: 06-19 | C28: Brasil | F28: Haití | H28: 4 | I28: =IFERROR(VLOOKUP(INDEX(_calc!$B$10:$B$13,MATCH(4,_calc!$L$10:$L$13,0)),_eq!$A:$B,2,FALSE),"") | J28: =IFERROR(INDEX(_calc!$D$10:$D$13,MATCH(4,_calc!$L$10:$L$13,0)),"") | K28: =IFERROR(INDEX(_calc!$G$10:$G$13,MATCH(4,_calc!$L$10:$L$13,0)),"") | L28: =IFERROR(INDEX(_calc!$E$10:$E$13,MATCH(4,_calc!$L$10:$L$13,0)),"")
B29: 06-24 | C29: Escocia | F29: Brasil
B30: 06-24 | C30: Marruecos | F30: Haití
A32: GRUPO D | H32: # | I32: Equipo | J32: Pts | K32: DG | L32: GF
B33: Fecha | C33: Local | F33: Visita
B34: 06-12 | C34: Estados Unidos | F34: Paraguay | H34: 1 | I34: =IFERROR(VLOOKUP(INDEX(_calc!$B$14:$B$17,MATCH(1,_calc!$L$14:$L$17,0)),_eq!$A:$B,2,FALSE),"") | J34: =IFERROR(INDEX(_calc!$D$14:$D$17,MATCH(1,_calc!$L$14:$L$17,0)),"") | K34: =IFERROR(INDEX(_calc!$G$14:$G$17,MATCH(1,_calc!$L$14:$L$17,0)),"") | L34: =IFERROR(INDEX(_calc!$E$14:$E$17,MATCH(1,_calc!$L$14:$L$17,0)),"")
B35: 06-14 | C35: Australia | F35: Turquía | H35: 2 | I35: =IFERROR(VLOOKUP(INDEX(_calc!$B$14:$B$17,MATCH(2,_calc!$L$14:$L$17,0)),_eq!$A:$B,2,FALSE),"") | J35: =IFERROR(INDEX(_calc!$D$14:$D$17,MATCH(2,_calc!$L$14:$L$17,0)),"") | K35: =IFERROR(INDEX(_calc!$G$14:$G$17,MATCH(2,_calc!$L$14:$L$17,0)),"") | L35: =IFERROR(INDEX(_calc!$E$14:$E$17,MATCH(2,_calc!$L$14:$L$17,0)),"")
B36: 06-19 | C36: Estados Unidos | F36: Australia | H36: 3 | I36: =IFERROR(VLOOKUP(INDEX(_calc!$B$14:$B$17,MATCH(3,_calc!$L$14:$L$17,0)),_eq!$A:$B,2,FALSE),"") | J36: =IFERROR(INDEX(_calc!$D$14:$D$17,MATCH(3,_calc!$L$14:$L$17,0)),"") | K36: =IFERROR(INDEX(_calc!$G$14:$G$17,MATCH(3,_calc!$L$14:$L$17,0)),"") | L36: =IFERROR(INDEX(_calc!$E$14:$E$17,MATCH(3,_calc!$L$14:$L$17,0)),"")
B37: 06-19 | C37: Turquía | F37: Paraguay | H37: 4 | I37: =IFERROR(VLOOKUP(INDEX(_calc!$B$14:$B$17,MATCH(4,_calc!$L$14:$L$17,0)),_eq!$A:$B,2,FALSE),"") | J37: =IFERROR(INDEX(_calc!$D$14:$D$17,MATCH(4,_calc!$L$14:$L$17,0)),"") | K37: =IFERROR(INDEX(_calc!$G$14:$G$17,MATCH(4,_calc!$L$14:$L$17,0)),"") | L37: =IFERROR(INDEX(_calc!$E$14:$E$17,MATCH(4,_calc!$L$14:$L$17,0)),"")
B38: 06-25 | C38: Turquía | F38: Estados Unidos
B39: 06-25 | C39: Paraguay | F39: Australia
A41: GRUPO E | H41: # | I41: Equipo | J41: Pts | K41: DG | L41: GF
B42: Fecha | C42: Local | F42: Visita
B43: 06-14 | C43: Alemania | F43: Curazao | H43: 1 | I43: =IFERROR(VLOOKUP(INDEX(_calc!$B$18:$B$21,MATCH(1,_calc!$L$18:$L$21,0)),_eq!$A:$B,2,FALSE),"") | J43: =IFERROR(INDEX(_calc!$D$18:$D$21,MATCH(1,_calc!$L$18:$L$21,0)),"") | K43: =IFERROR(INDEX(_calc!$G$18:$G$21,MATCH(1,_calc!$L$18:$L$21,0)),"") | L43: =IFERROR(INDEX(_calc!$E$18:$E$21,MATCH(1,_calc!$L$18:$L$21,0)),"")
B44: 06-14 | C44: Costa de Marfil | F44: Ecuador | H44: 2 | I44: =IFERROR(VLOOKUP(INDEX(_calc!$B$18:$B$21,MATCH(2,_calc!$L$18:$L$21,0)),_eq!$A:$B,2,FALSE),"") | J44: =IFERROR(INDEX(_calc!$D$18:$D$21,MATCH(2,_calc!$L$18:$L$21,0)),"") | K44: =IFERROR(INDEX(_calc!$G$18:$G$21,MATCH(2,_calc!$L$18:$L$21,0)),"") | L44: =IFERROR(INDEX(_calc!$E$18:$E$21,MATCH(2,_calc!$L$18:$L$21,0)),"")
B45: 06-20 | C45: Alemania | F45: Costa de Marfil | H45: 3 | I45: =IFERROR(VLOOKUP(INDEX(_calc!$B$18:$B$21,MATCH(3,_calc!$L$18:$L$21,0)),_eq!$A:$B,2,FALSE),"") | J45: =IFERROR(INDEX(_calc!$D$18:$D$21,MATCH(3,_calc!$L$18:$L$21,0)),"") | K45: =IFERROR(INDEX(_calc!$G$18:$G$21,MATCH(3,_calc!$L$18:$L$21,0)),"") | L45: =IFERROR(INDEX(_calc!$E$18:$E$21,MATCH(3,_calc!$L$18:$L$21,0)),"")
B46: 06-20 | C46: Ecuador | F46: Curazao | H46: 4 | I46: =IFERROR(VLOOKUP(INDEX(_calc!$B$18:$B$21,MATCH(4,_calc!$L$18:$L$21,0)),_eq!$A:$B,2,FALSE),"") | J46: =IFERROR(INDEX(_calc!$D$18:$D$21,MATCH(4,_calc!$L$18:$L$21,0)),"") | K46: =IFERROR(INDEX(_calc!$G$18:$G$21,MATCH(4,_calc!$L$18:$L$21,0)),"") | L46: =IFERROR(INDEX(_calc!$E$18:$E$21,MATCH(4,_calc!$L$18:$L$21,0)),"")
B47: 06-25 | C47: Curazao | F47: Costa de Marfil
B48: 06-25 | C48: Ecuador | F48: Alemania
A50: GRUPO F | H50: # | I50: Equipo | J50: Pts | K50: DG | L50: GF
B51: Fecha | C51: Local | F51: Visita
B52: 06-14 | C52: Países Bajos | F52: Japón | H52: 1 | I52: =IFERROR(VLOOKUP(INDEX(_calc!$B$22:$B$25,MATCH(1,_calc!$L$22:$L$25,0)),_eq!$A:$B,2,FALSE),"") | J52: =IFERROR(INDEX(_calc!$D$22:$D$25,MATCH(1,_calc!$L$22:$L$25,0)),"") | K52: =IFERROR(INDEX(_calc!$G$22:$G$25,MATCH(1,_calc!$L$22:$L$25,0)),"") | L52: =IFERROR(INDEX(_calc!$E$22:$E$25,MATCH(1,_calc!$L$22:$L$25,0)),"")
B53: 06-14 | C53: Suecia | F53: Túnez | H53: 2 | I53: =IFERROR(VLOOKUP(INDEX(_calc!$B$22:$B$25,MATCH(2,_calc!$L$22:$L$25,0)),_eq!$A:$B,2,FALSE),"") | J53: =IFERROR(INDEX(_calc!$D$22:$D$25,MATCH(2,_calc!$L$22:$L$25,0)),"") | K53: =IFERROR(INDEX(_calc!$G$22:$G$25,MATCH(2,_calc!$L$22:$L$25,0)),"") | L53: =IFERROR(INDEX(_calc!$E$22:$E$25,MATCH(2,_calc!$L$22:$L$25,0)),"")
B54: 06-20 | C54: Países Bajos | F54: Suecia | H54: 3 | I54: =IFERROR(VLOOKUP(INDEX(_calc!$B$22:$B$25,MATCH(3,_calc!$L$22:$L$25,0)),_eq!$A:$B,2,FALSE),"") | J54: =IFERROR(INDEX(_calc!$D$22:$D$25,MATCH(3,_calc!$L$22:$L$25,0)),"") | K54: =IFERROR(INDEX(_calc!$G$22:$G$25,MATCH(3,_calc!$L$22:$L$25,0)),"") | L54: =IFERROR(INDEX(_calc!$E$22:$E$25,MATCH(3,_calc!$L$22:$L$25,0)),"")
B55: 06-21 | C55: Túnez | F55: Japón | H55: 4 | I55: =IFERROR(VLOOKUP(INDEX(_calc!$B$22:$B$25,MATCH(4,_calc!$L$22:$L$25,0)),_eq!$A:$B,2,FALSE),"") | J55: =IFERROR(INDEX(_calc!$D$22:$D$25,MATCH(4,_calc!$L$22:$L$25,0)),"") | K55: =IFERROR(INDEX(_calc!$G$22:$G$25,MATCH(4,_calc!$L$22:$L$25,0)),"") | L55: =IFERROR(INDEX(_calc!$E$22:$E$25,MATCH(4,_calc!$L$22:$L$25,0)),"")
B56: 06-25 | C56: Japón | F56: Suecia
B57: 06-25 | C57: Túnez | F57: Países Bajos
A59: GRUPO G | H59: # | I59: Equipo | J59: Pts | K59: DG | L59: GF
B60: Fecha | C60: Local | F60: Visita
B61: 06-15 | C61: Bélgica | F61: Egipto | H61: 1 | I61: =IFERROR(VLOOKUP(INDEX(_calc!$B$26:$B$29,MATCH(1,_calc!$L$26:$L$29,0)),_eq!$A:$B,2,FALSE),"") | J61: =IFERROR(INDEX(_calc!$D$26:$D$29,MATCH(1,_calc!$L$26:$L$29,0)),"") | K61: =IFERROR(INDEX(_calc!$G$26:$G$29,MATCH(1,_calc!$L$26:$L$29,0)),"") | L61: =IFERROR(INDEX(_calc!$E$26:$E$29,MATCH(1,_calc!$L$26:$L$29,0)),"")
B62: 06-15 | C62: Irán | F62: Nueva Zelanda | H62: 2 | I62: =IFERROR(VLOOKUP(INDEX(_calc!$B$26:$B$29,MATCH(2,_calc!$L$26:$L$29,0)),_eq!$A:$B,2,FALSE),"") | J62: =IFERROR(INDEX(_calc!$D$26:$D$29,MATCH(2,_calc!$L$26:$L$29,0)),"") | K62: =IFERROR(INDEX(_calc!$G$26:$G$29,MATCH(2,_calc!$L$26:$L$29,0)),"") | L62: =IFERROR(INDEX(_calc!$E$26:$E$29,MATCH(2,_calc!$L$26:$L$29,0)),"")
B63: 06-21 | C63: Bélgica | F63: Irán | H63: 3 | I63: =IFERROR(VLOOKUP(INDEX(_calc!$B$26:$B$29,MATCH(3,_calc!$L$26:$L$29,0)),_eq!$A:$B,2,FALSE),"") | J63: =IFERROR(INDEX(_calc!$D$26:$D$29,MATCH(3,_calc!$L$26:$L$29,0)),"") | K63: =IFERROR(INDEX(_calc!$G$26:$G$29,MATCH(3,_calc!$L$26:$L$29,0)),"") | L63: =IFERROR(INDEX(_calc!$E$26:$E$29,MATCH(3,_calc!$L$26:$L$29,0)),"")
B64: 06-21 | C64: Nueva Zelanda | F64: Egipto | H64: 4 | I64: =IFERROR(VLOOKUP(INDEX(_calc!$B$26:$B$29,MATCH(4,_calc!$L$26:$L$29,0)),_eq!$A:$B,2,FALSE),"") | J64: =IFERROR(INDEX(_calc!$D$26:$D$29,MATCH(4,_calc!$L$26:$L$29,0)),"") | K64: =IFERROR(INDEX(_calc!$G$26:$G$29,MATCH(4,_calc!$L$26:$L$29,0)),"") | L64: =IFERROR(INDEX(_calc!$E$26:$E$29,MATCH(4,_calc!$L$26:$L$29,0)),"")
B65: 06-26 | C65: Egipto | F65: Irán
B66: 06-26 | C66: Nueva Zelanda | F66: Bélgica
A68: GRUPO H | H68: # | I68: Equipo | J68: Pts | K68: DG | L68: GF
B69: Fecha | C69: Local | F69: Visita
B70: 06-15 | C70: España | F70: Cabo Verde | H70: 1 | I70: =IFERROR(VLOOKUP(INDEX(_calc!$B$30:$B$33,MATCH(1,_calc!$L$30:$L$33,0)),_eq!$A:$B,2,FALSE),"") | J70: =IFERROR(INDEX(_calc!$D$30:$D$33,MATCH(1,_calc!$L$30:$L$33,0)),"") | K70: =IFERROR(INDEX(_calc!$G$30:$G$33,MATCH(1,_calc!$L$30:$L$33,0)),"") | L70: =IFERROR(INDEX(_calc!$E$30:$E$33,MATCH(1,_calc!$L$30:$L$33,0)),"")
B71: 06-15 | C71: Arabia Saudita | F71: Uruguay | H71: 2 | I71: =IFERROR(VLOOKUP(INDEX(_calc!$B$30:$B$33,MATCH(2,_calc!$L$30:$L$33,0)),_eq!$A:$B,2,FALSE),"") | J71: =IFERROR(INDEX(_calc!$D$30:$D$33,MATCH(2,_calc!$L$30:$L$33,0)),"") | K71: =IFERROR(INDEX(_calc!$G$30:$G$33,MATCH(2,_calc!$L$30:$L$33,0)),"") | L71: =IFERROR(INDEX(_calc!$E$30:$E$33,MATCH(2,_calc!$L$30:$L$33,0)),"")
B72: 06-21 | C72: España | F72: Arabia Saudita | H72: 3 | I72: =IFERROR(VLOOKUP(INDEX(_calc!$B$30:$B$33,MATCH(3,_calc!$L$30:$L$33,0)),_eq!$A:$B,2,FALSE),"") | J72: =IFERROR(INDEX(_calc!$D$30:$D$33,MATCH(3,_calc!$L$30:$L$33,0)),"") | K72: =IFERROR(INDEX(_calc!$G$30:$G$33,MATCH(3,_calc!$L$30:$L$33,0)),"") | L72: =IFERROR(INDEX(_calc!$E$30:$E$33,MATCH(3,_calc!$L$30:$L$33,0)),"")
B73: 06-21 | C73: Uruguay | F73: Cabo Verde | H73: 4 | I73: =IFERROR(VLOOKUP(INDEX(_calc!$B$30:$B$33,MATCH(4,_calc!$L$30:$L$33,0)),_eq!$A:$B,2,FALSE),"") | J73: =IFERROR(INDEX(_calc!$D$30:$D$33,MATCH(4,_calc!$L$30:$L$33,0)),"") | K73: =IFERROR(INDEX(_calc!$G$30:$G$33,MATCH(4,_calc!$L$30:$L$33,0)),"") | L73: =IFERROR(INDEX(_calc!$E$30:$E$33,MATCH(4,_calc!$L$30:$L$33,0)),"")
B74: 06-26 | C74: Cabo Verde | F74: Arabia Saudita
B75: 06-26 | C75: Uruguay | F75: España
A77: GRUPO I | H77: # | I77: Equipo | J77: Pts | K77: DG | L77: GF
B78: Fecha | C78: Local | F78: Visita
B79: 06-16 | C79: Francia | F79: Senegal | H79: 1 | I79: =IFERROR(VLOOKUP(INDEX(_calc!$B$34:$B$37,MATCH(1,_calc!$L$34:$L$37,0)),_eq!$A:$B,2,FALSE),"") | J79: =IFERROR(INDEX(_calc!$D$34:$D$37,MATCH(1,_calc!$L$34:$L$37,0)),"") | K79: =IFERROR(INDEX(_calc!$G$34:$G$37,MATCH(1,_calc!$L$34:$L$37,0)),"") | L79: =IFERROR(INDEX(_calc!$E$34:$E$37,MATCH(1,_calc!$L$34:$L$37,0)),"")
B80: 06-16 | C80: Irak | F80: Noruega | H80: 2 | I80: =IFERROR(VLOOKUP(INDEX(_calc!$B$34:$B$37,MATCH(2,_calc!$L$34:$L$37,0)),_eq!$A:$B,2,FALSE),"") | J80: =IFERROR(INDEX(_calc!$D$34:$D$37,MATCH(2,_calc!$L$34:$L$37,0)),"") | K80: =IFERROR(INDEX(_calc!$G$34:$G$37,MATCH(2,_calc!$L$34:$L$37,0)),"") | L80: =IFERROR(INDEX(_calc!$E$34:$E$37,MATCH(2,_calc!$L$34:$L$37,0)),"")
B81: 06-22 | C81: Francia | F81: Irak | H81: 3 | I81: =IFERROR(VLOOKUP(INDEX(_calc!$B$34:$B$37,MATCH(3,_calc!$L$34:$L$37,0)),_eq!$A:$B,2,FALSE),"") | J81: =IFERROR(INDEX(_calc!$D$34:$D$37,MATCH(3,_calc!$L$34:$L$37,0)),"") | K81: =IFERROR(INDEX(_calc!$G$34:$G$37,MATCH(3,_calc!$L$34:$L$37,0)),"") | L81: =IFERROR(INDEX(_calc!$E$34:$E$37,MATCH(3,_calc!$L$34:$L$37,0)),"")
B82: 06-22 | C82: Noruega | F82: Senegal | H82: 4 | I82: =IFERROR(VLOOKUP(INDEX(_calc!$B$34:$B$37,MATCH(4,_calc!$L$34:$L$37,0)),_eq!$A:$B,2,FALSE),"") | J82: =IFERROR(INDEX(_calc!$D$34:$D$37,MATCH(4,_calc!$L$34:$L$37,0)),"") | K82: =IFERROR(INDEX(_calc!$G$34:$G$37,MATCH(4,_calc!$L$34:$L$37,0)),"") | L82: =IFERROR(INDEX(_calc!$E$34:$E$37,MATCH(4,_calc!$L$34:$L$37,0)),"")
B83: 06-26 | C83: Noruega | F83: Francia
B84: 06-26 | C84: Senegal | F84: Irak
A86: GRUPO J | H86: # | I86: Equipo | J86: Pts | K86: DG | L86: GF
B87: Fecha | C87: Local | F87: Visita
B88: 06-16 | C88: Argentina | F88: Argelia | H88: 1 | I88: =IFERROR(VLOOKUP(INDEX(_calc!$B$38:$B$41,MATCH(1,_calc!$L$38:$L$41,0)),_eq!$A:$B,2,FALSE),"") | J88: =IFERROR(INDEX(_calc!$D$38:$D$41,MATCH(1,_calc!$L$38:$L$41,0)),"") | K88: =IFERROR(INDEX(_calc!$G$38:$G$41,MATCH(1,_calc!$L$38:$L$41,0)),"") | L88: =IFERROR(INDEX(_calc!$E$38:$E$41,MATCH(1,_calc!$L$38:$L$41,0)),"")
B89: 06-17 | C89: Austria | F89: Jordania | H89: 2 | I89: =IFERROR(VLOOKUP(INDEX(_calc!$B$38:$B$41,MATCH(2,_calc!$L$38:$L$41,0)),_eq!$A:$B,2,FALSE),"") | J89: =IFERROR(INDEX(_calc!$D$38:$D$41,MATCH(2,_calc!$L$38:$L$41,0)),"") | K89: =IFERROR(INDEX(_calc!$G$38:$G$41,MATCH(2,_calc!$L$38:$L$41,0)),"") | L89: =IFERROR(INDEX(_calc!$E$38:$E$41,MATCH(2,_calc!$L$38:$L$41,0)),"")
B90: 06-22 | C90: Argentina | F90: Austria | H90: 3 | I90: =IFERROR(VLOOKUP(INDEX(_calc!$B$38:$B$41,MATCH(3,_calc!$L$38:$L$41,0)),_eq!$A:$B,2,FALSE),"") | J90: =IFERROR(INDEX(_calc!$D$38:$D$41,MATCH(3,_calc!$L$38:$L$41,0)),"") | K90: =IFERROR(INDEX(_calc!$G$38:$G$41,MATCH(3,_calc!$L$38:$L$41,0)),"") | L90: =IFERROR(INDEX(_calc!$E$38:$E$41,MATCH(3,_calc!$L$38:$L$41,0)),"")
B91: 06-22 | C91: Jordania | F91: Argelia | H91: 4 | I91: =IFERROR(VLOOKUP(INDEX(_calc!$B$38:$B$41,MATCH(4,_calc!$L$38:$L$41,0)),_eq!$A:$B,2,FALSE),"") | J91: =IFERROR(INDEX(_calc!$D$38:$D$41,MATCH(4,_calc!$L$38:$L$41,0)),"") | K91: =IFERROR(INDEX(_calc!$G$38:$G$41,MATCH(4,_calc!$L$38:$L$41,0)),"") | L91: =IFERROR(INDEX(_calc!$E$38:$E$41,MATCH(4,_calc!$L$38:$L$41,0)),"")
B92: 06-27 | C92: Argelia | F92: Austria
B93: 06-27 | C93: Jordania | F93: Argentina
A95: GRUPO K | H95: # | I95: Equipo | J95: Pts | K95: DG | L95: GF
B96: Fecha | C96: Local | F96: Visita
B97: 06-17 | C97: Portugal | F97: RD Congo | H97: 1 | I97: =IFERROR(VLOOKUP(INDEX(_calc!$B$42:$B$45,MATCH(1,_calc!$L$42:$L$45,0)),_eq!$A:$B,2,FALSE),"") | J97: =IFERROR(INDEX(_calc!$D$42:$D$45,MATCH(1,_calc!$L$42:$L$45,0)),"") | K97: =IFERROR(INDEX(_calc!$G$42:$G$45,MATCH(1,_calc!$L$42:$L$45,0)),"") | L97: =IFERROR(INDEX(_calc!$E$42:$E$45,MATCH(1,_calc!$L$42:$L$45,0)),"")
B98: 06-17 | C98: Uzbekistán | F98: Colombia | H98: 2 | I98: =IFERROR(VLOOKUP(INDEX(_calc!$B$42:$B$45,MATCH(2,_calc!$L$42:$L$45,0)),_eq!$A:$B,2,FALSE),"") | J98: =IFERROR(INDEX(_calc!$D$42:$D$45,MATCH(2,_calc!$L$42:$L$45,0)),"") | K98: =IFERROR(INDEX(_calc!$G$42:$G$45,MATCH(2,_calc!$L$42:$L$45,0)),"") | L98: =IFERROR(INDEX(_calc!$E$42:$E$45,MATCH(2,_calc!$L$42:$L$45,0)),"")
B99: 06-23 | C99: Portugal | F99: Uzbekistán | H99: 3 | I99: =IFERROR(VLOOKUP(INDEX(_calc!$B$42:$B$45,MATCH(3,_calc!$L$42:$L$45,0)),_eq!$A:$B,2,FALSE),"") | J99: =IFERROR(INDEX(_calc!$D$42:$D$45,MATCH(3,_calc!$L$42:$L$45,0)),"") | K99: =IFERROR(INDEX(_calc!$G$42:$G$45,MATCH(3,_calc!$L$42:$L$45,0)),"") | L99: =IFERROR(INDEX(_calc!$E$42:$E$45,MATCH(3,_calc!$L$42:$L$45,0)),"")
B100: 06-23 | C100: Colombia | F100: RD Congo | H100: 4 | I100: =IFERROR(VLOOKUP(INDEX(_calc!$B$42:$B$45,MATCH(4,_calc!$L$42:$L$45,0)),_eq!$A:$B,2,FALSE),"") | J100: =IFERROR(INDEX(_calc!$D$42:$D$45,MATCH(4,_calc!$L$42:$L$45,0)),"") | K100: =IFERROR(INDEX(_calc!$G$42:$G$45,MATCH(4,_calc!$L$42:$L$45,0)),"") | L100: =IFERROR(INDEX(_calc!$E$42:$E$45,MATCH(4,_calc!$L$42:$L$45,0)),"")
B101: 06-27 | C101: Colombia | F101: Portugal
B102: 06-27 | C102: RD Congo | F102: Uzbekistán
A104: GRUPO L | H104: # | I104: Equipo | J104: Pts | K104: DG | L104: GF
B105: Fecha | C105: Local | F105: Visita
B106: 06-17 | C106: Inglaterra | F106: Croacia | H106: 1 | I106: =IFERROR(VLOOKUP(INDEX(_calc!$B$46:$B$49,MATCH(1,_calc!$L$46:$L$49,0)),_eq!$A:$B,2,FALSE),"") | J106: =IFERROR(INDEX(_calc!$D$46:$D$49,MATCH(1,_calc!$L$46:$L$49,0)),"") | K106: =IFERROR(INDEX(_calc!$G$46:$G$49,MATCH(1,_calc!$L$46:$L$49,0)),"") | L106: =IFERROR(INDEX(_calc!$E$46:$E$49,MATCH(1,_calc!$L$46:$L$49,0)),"")
B107: 06-17 | C107: Ghana | F107: Panamá | H107: 2 | I107: =IFERROR(VLOOKUP(INDEX(_calc!$B$46:$B$49,MATCH(2,_calc!$L$46:$L$49,0)),_eq!$A:$B,2,FALSE),"") | J107: =IFERROR(INDEX(_calc!$D$46:$D$49,MATCH(2,_calc!$L$46:$L$49,0)),"") | K107: =IFERROR(INDEX(_calc!$G$46:$G$49,MATCH(2,_calc!$L$46:$L$49,0)),"") | L107: =IFERROR(INDEX(_calc!$E$46:$E$49,MATCH(2,_calc!$L$46:$L$49,0)),"")
B108: 06-23 | C108: Inglaterra | F108: Ghana | H108: 3 | I108: =IFERROR(VLOOKUP(INDEX(_calc!$B$46:$B$49,MATCH(3,_calc!$L$46:$L$49,0)),_eq!$A:$B,2,FALSE),"") | J108: =IFERROR(INDEX(_calc!$D$46:$D$49,MATCH(3,_calc!$L$46:$L$49,0)),"") | K108: =IFERROR(INDEX(_calc!$G$46:$G$49,MATCH(3,_calc!$L$46:$L$49,0)),"") | L108: =IFERROR(INDEX(_calc!$E$46:$E$49,MATCH(3,_calc!$L$46:$L$49,0)),"")
B109: 06-23 | C109: Panamá | F109: Croacia | H109: 4 | I109: =IFERROR(VLOOKUP(INDEX(_calc!$B$46:$B$49,MATCH(4,_calc!$L$46:$L$49,0)),_eq!$A:$B,2,FALSE),"") | J109: =IFERROR(INDEX(_calc!$D$46:$D$49,MATCH(4,_calc!$L$46:$L$49,0)),"") | K109: =IFERROR(INDEX(_calc!$G$46:$G$49,MATCH(4,_calc!$L$46:$L$49,0)),"") | L109: =IFERROR(INDEX(_calc!$E$46:$E$49,MATCH(4,_calc!$L$46:$L$49,0)),"")
B110: 06-27 | C110: Panamá | F110: Inglaterra
B111: 06-27 | C111: Croacia | F111: Ghana

Sheet Eliminatorias
A1: ELIMINATORIAS — pica quién avanza en cada llave
A2: Tu cuadro se arma solo desde tus grupos (1º/2º + 8 mejores terceros). Elige el GANADOR de cada llave; la siguiente ronda se llena con tus ganadores. Sin goles aquí.
A4: OCTAVOS DE FINAL (R32)
B5: # | C5: Local | E5: Visita | F5: GANADOR
B6: 73 | C6: =H6 | D6: vs | E6: =I6 | H6: =IFERROR(VLOOKUP(_calc!$B$80,_eq!$A:$B,2,FALSE),"") | I6: =IFERROR(VLOOKUP(_calc!$C$80,_eq!$A:$B,2,FALSE),"")
B7: 74 | C7: =H7 | D7: vs | E7: =I7 | H7: =IFERROR(VLOOKUP(_calc!$B$81,_eq!$A:$B,2,FALSE),"") | I7: =IFERROR(VLOOKUP(_calc!$C$81,_eq!$A:$B,2,FALSE),"")
B8: 75 | C8: =H8 | D8: vs | E8: =I8 | H8: =IFERROR(VLOOKUP(_calc!$B$82,_eq!$A:$B,2,FALSE),"") | I8: =IFERROR(VLOOKUP(_calc!$C$82,_eq!$A:$B,2,FALSE),"")
B9: 76 | C9: =H9 | D9: vs | E9: =I9 | H9: =IFERROR(VLOOKUP(_calc!$B$83,_eq!$A:$B,2,FALSE),"") | I9: =IFERROR(VLOOKUP(_calc!$C$83,_eq!$A:$B,2,FALSE),"")
B10: 77 | C10: =H10 | D10: vs | E10: =I10 | H10: =IFERROR(VLOOKUP(_calc!$B$84,_eq!$A:$B,2,FALSE),"") | I10: =IFERROR(VLOOKUP(_calc!$C$84,_eq!$A:$B,2,FALSE),"")
B11: 78 | C11: =H11 | D11: vs | E11: =I11 | H11: =IFERROR(VLOOKUP(_calc!$B$85,_eq!$A:$B,2,FALSE),"") | I11: =IFERROR(VLOOKUP(_calc!$C$85,_eq!$A:$B,2,FALSE),"")
B12: 79 | C12: =H12 | D12: vs | E12: =I12 | H12: =IFERROR(VLOOKUP(_calc!$B$86,_eq!$A:$B,2,FALSE),"") | I12: =IFERROR(VLOOKUP(_calc!$C$86,_eq!$A:$B,2,FALSE),"")
B13: 80 | C13: =H13 | D13: vs | E13: =I13 | H13: =IFERROR(VLOOKUP(_calc!$B$87,_eq!$A:$B,2,FALSE),"") | I13: =IFERROR(VLOOKUP(_calc!$C$87,_eq!$A:$B,2,FALSE),"")
B14: 81 | C14: =H14 | D14: vs | E14: =I14 | H14: =IFERROR(VLOOKUP(_calc!$B$88,_eq!$A:$B,2,FALSE),"") | I14: =IFERROR(VLOOKUP(_calc!$C$88,_eq!$A:$B,2,FALSE),"")
B15: 82 | C15: =H15 | D15: vs | E15: =I15 | H15: =IFERROR(VLOOKUP(_calc!$B$89,_eq!$A:$B,2,FALSE),"") | I15: =IFERROR(VLOOKUP(_calc!$C$89,_eq!$A:$B,2,FALSE),"")
B16: 83 | C16: =H16 | D16: vs | E16: =I16 | H16: =IFERROR(VLOOKUP(_calc!$B$90,_eq!$A:$B,2,FALSE),"") | I16: =IFERROR(VLOOKUP(_calc!$C$90,_eq!$A:$B,2,FALSE),"")
B17: 84 | C17: =H17 | D17: vs | E17: =I17 | H17: =IFERROR(VLOOKUP(_calc!$B$91,_eq!$A:$B,2,FALSE),"") | I17: =IFERROR(VLOOKUP(_calc!$C$91,_eq!$A:$B,2,FALSE),"")
B18: 85 | C18: =H18 | D18: vs | E18: =I18 | H18: =IFERROR(VLOOKUP(_calc!$B$92,_eq!$A:$B,2,FALSE),"") | I18: =IFERROR(VLOOKUP(_calc!$C$92,_eq!$A:$B,2,FALSE),"")
B19: 86 | C19: =H19 | D19: vs | E19: =I19 | H19: =IFERROR(VLOOKUP(_calc!$B$93,_eq!$A:$B,2,FALSE),"") | I19: =IFERROR(VLOOKUP(_calc!$C$93,_eq!$A:$B,2,FALSE),"")
B20: 87 | C20: =H20 | D20: vs | E20: =I20 | H20: =IFERROR(VLOOKUP(_calc!$B$94,_eq!$A:$B,2,FALSE),"") | I20: =IFERROR(VLOOKUP(_calc!$C$94,_eq!$A:$B,2,FALSE),"")
B21: 88 | C21: =H21 | D21: vs | E21: =I21 | H21: =IFERROR(VLOOKUP(_calc!$B$95,_eq!$A:$B,2,FALSE),"") | I21: =IFERROR(VLOOKUP(_calc!$C$95,_eq!$A:$B,2,FALSE),"")
A23: DIECISÉIS (R16)
B24: # | C24: Local | E24: Visita | F24: GANADOR
B25: 89 | C25: =H25 | D25: vs | E25: =I25 | H25: =F7 | I25: =F10
B26: 90 | C26: =H26 | D26: vs | E26: =I26 | H26: =F6 | I26: =F8
B27: 91 | C27: =H27 | D27: vs | E27: =I27 | H27: =F9 | I27: =F11
B28: 92 | C28: =H28 | D28: vs | E28: =I28 | H28: =F12 | I28: =F13
B29: 93 | C29: =H29 | D29: vs | E29: =I29 | H29: =F16 | I29: =F17
B30: 94 | C30: =H30 | D30: vs | E30: =I30 | H30: =F14 | I30: =F15
B31: 95 | C31: =H31 | D31: vs | E31: =I31 | H31: =F19 | I31: =F21
B32: 96 | C32: =H32 | D32: vs | E32: =I32 | H32: =F18 | I32: =F20
A34: CUARTOS
B35: # | C35: Local | E35: Visita | F35: GANADOR
B36: 97 | C36: =H36 | D36: vs | E36: =I36 | H36: =F25 | I36: =F26
B37: 98 | C37: =H37 | D37: vs | E37: =I37 | H37: =F29 | I37: =F30
B38: 99 | C38: =H38 | D38: vs | E38: =I38 | H38: =F27 | I38: =F28
B39: 100 | C39: =H39 | D39: vs | E39: =I39 | H39: =F31 | I39: =F32
A41: SEMIFINALES
B42: # | C42: Local | E42: Visita | F42: GANADOR
B43: 101 | C43: =H43 | D43: vs | E43: =I43 | H43: =F36 | I43: =F37
B44: 102 | C44: =H44 | D44: vs | E44: =I44 | H44: =F38 | I44: =F39
A46: TERCER LUGAR
B47: # | C47: Local | E47: Visita | F47: GANADOR
B48: 103 | C48: =H48 | D48: vs | E48: =I48 | H48: =IF(F43=H43,I43,H43) | I48: =IF(F44=H44,I44,H44)
A50: FINAL
B51: # | C51: Local | E51: Visita | F51: GANADOR
B52: 104 | C52: =H52 | D52: vs | E52: =I52 | H52: =F43 | I52: =F44

Sheet Especiales
A1: ESPECIALES DE TORNEO
A2: El campeón sale de tu cuadro (automático). Completa los demás.
A4: Campeón (auto) | B4: =IF(Eliminatorias!F52="","(elige la final)",Eliminatorias!F52)
A5: Subcampeón (auto) | B5: =IF(Eliminatorias!F52="","",IF(Eliminatorias!F52=Eliminatorias!H52,Eliminatorias!I52,Eliminatorias!H52))
A6: Goleador (Bota de Oro) | C6: (texto libre)
A7: Primer eliminado | C7: (elige de la lista)
A8: Sorpresa del torneo | C8: (texto libre)

Sheet _calc
A2: A | B2: MEX | C2: 1 | D2: =IF(AND(ISNUMBER(Grupos!D7),ISNUMBER(Grupos!E7)),IF(Grupos!D7>Grupos!E7,3,IF(Grupos!D7=Grupos!E7,1,0)),0)+IF(AND(ISNUMBER(Grupos!D10),ISNUMBER(Grupos!E10)),IF(Grupos!D10>Grupos!E10,3,IF(Grupos!D10=Grupos!E10,1,0)),0)+IF(AND(ISNUMBER(Grupos!E11),ISNUMBER(Grupos!D11)),IF(Grupos!E11>Grupos!D11,3,IF(Grupos!E11=Grupos!D11,1,0)),0) | E2: =IF(AND(ISNUMBER(Grupos!D7),ISNUMBER(Grupos!E7)),Grupos!D7,0)+IF(AND(ISNUMBER(Grupos!D10),ISNUMBER(Grupos!E10)),Grupos!D10,0)+IF(AND(ISNUMBER(Grupos!E11),ISNUMBER(Grupos!D11)),Grupos!E11,0) | F2: =IF(AND(ISNUMBER(Grupos!D7),ISNUMBER(Grupos!E7)),Grupos!E7,0)+IF(AND(ISNUMBER(Grupos!D10),ISNUMBER(Grupos!E10)),Grupos!E10,0)+IF(AND(ISNUMBER(Grupos!E11),ISNUMBER(Grupos!D11)),Grupos!D11,0) | G2: =E2-F2 | H2: =IF(AND(AND(ISNUMBER(Grupos!D7),ISNUMBER(Grupos!E7)),D3=D2),IF(Grupos!D7>Grupos!E7,3,IF(Grupos!D7=Grupos!E7,1,0)),0)+IF(AND(AND(ISNUMBER(Grupos!D10),ISNUMBER(Grupos!E10)),D4=D2),IF(Grupos!D10>Grupos!E10,3,IF(Grupos!D10=Grupos!E10,1,0)),0)+IF(AND(AND(ISNUMBER(Grupos!E11),ISNUMBER(Grupos!D11)),D5=D2),IF(Grupos!E11>Grupos!D11,3,IF(Grupos!E11=Grupos!D11,1,0)),0) | I2: =IF(AND(AND(ISNUMBER(Grupos!D7),ISNUMBER(Grupos!E7)),D3=D2),Grupos!D7-Grupos!E7,0)+IF(AND(AND(ISNUMBER(Grupos!D10),ISNUMBER(Grupos!E10)),D4=D2),Grupos!D10-Grupos!E10,0)+IF(AND(AND(ISNUMBER(Grupos!E11),ISNUMBER(Grupos!D11)),D5=D2),Grupos!E11-Grupos!D11,0) | J2: =IF(AND(AND(ISNUMBER(Grupos!D7),ISNUMBER(Grupos!E7)),D3=D2),Grupos!D7,0)+IF(AND(AND(ISNUMBER(Grupos!D10),ISNUMBER(Grupos!E10)),D4=D2),Grupos!D10,0)+IF(AND(AND(ISNUMBER(Grupos!E11),ISNUMBER(Grupos!D11)),D5=D2),Grupos!E11,0) | K2: =D2*100000000000+H2*1000000000+(I2+50)*10000000+J2*100000+(G2+50)*1000+E2*10+(4-C2) | L2: =RANK(K2,K2:K5,0) | N2: =INDEX(B2:B5,MATCH(1,L2:L5,0)) | O2: =INDEX(B2:B5,MATCH(2,L2:L5,0)) | P2: =INDEX(B2:B5,MATCH(3,L2:L5,0))
A3: A | B3: RSA | C3: 2 | D3: =IF(AND(ISNUMBER(Grupos!E7),ISNUMBER(Grupos!D7)),IF(Grupos!E7>Grupos!D7,3,IF(Grupos!E7=Grupos!D7,1,0)),0)+IF(AND(ISNUMBER(Grupos!E9),ISNUMBER(Grupos!D9)),IF(Grupos!E9>Grupos!D9,3,IF(Grupos!E9=Grupos!D9,1,0)),0)+IF(AND(ISNUMBER(Grupos!D12),ISNUMBER(Grupos!E12)),IF(Grupos!D12>Grupos!E12,3,IF(Grupos!D12=Grupos!E12,1,0)),0) | E3: =IF(AND(ISNUMBER(Grupos!E7),ISNUMBER(Grupos!D7)),Grupos!E7,0)+IF(AND(ISNUMBER(Grupos!E9),ISNUMBER(Grupos!D9)),Grupos!E9,0)+IF(AND(ISNUMBER(Grupos!D12),ISNUMBER(Grupos!E12)),Grupos!D12,0) | F3: =IF(AND(ISNUMBER(Grupos!E7),ISNUMBER(Grupos!D7)),Grupos!D7,0)+IF(AND(ISNUMBER(Grupos!E9),ISNUMBER(Grupos!D9)),Grupos!D9,0)+IF(AND(ISNUMBER(Grupos!D12),ISNUMBER(Grupos!E12)),Grupos!E12,0) | G3: =E3-F3 | H3: =IF(AND(AND(ISNUMBER(Grupos!E7),ISNUMBER(Grupos!D7)),D2=D3),IF(Grupos!E7>Grupos!D7,3,IF(Grupos!E7=Grupos!D7,1,0)),0)+IF(AND(AND(ISNUMBER(Grupos!E9),ISNUMBER(Grupos!D9)),D5=D3),IF(Grupos!E9>Grupos!D9,3,IF(Grupos!E9=Grupos!D9,1,0)),0)+IF(AND(AND(ISNUMBER(Grupos!D12),ISNUMBER(Grupos!E12)),D4=D3),IF(Grupos!D12>Grupos!E12,3,IF(Grupos!D12=Grupos!E12,1,0)),0) | I3: =IF(AND(AND(ISNUMBER(Grupos!E7),ISNUMBER(Grupos!D7)),D2=D3),Grupos!E7-Grupos!D7,0)+IF(AND(AND(ISNUMBER(Grupos!E9),ISNUMBER(Grupos!D9)),D5=D3),Grupos!E9-Grupos!D9,0)+IF(AND(AND(ISNUMBER(Grupos!D12),ISNUMBER(Grupos!E12)),D4=D3),Grupos!D12-Grupos!E12,0) | J3: =IF(AND(AND(ISNUMBER(Grupos!E7),ISNUMBER(Grupos!D7)),D2=D3),Grupos!E7,0)+IF(AND(AND(ISNUMBER(Grupos!E9),ISNUMBER(Grupos!D9)),D5=D3),Grupos!E9,0)+IF(AND(AND(ISNUMBER(Grupos!D12),ISNUMBER(Grupos!E12)),D4=D3),Grupos!D12,0) | K3: =D3*100000000000+H3*1000000000+(I3+50)*10000000+J3*100000+(G3+50)*1000+E3*10+(4-C3) | L3: =RANK(K3,K2:K5,0)
A4: A | B4: KOR | C4: 3 | D4: =IF(AND(ISNUMBER(Grupos!D8),ISNUMBER(Grupos!E8)),IF(Grupos!D8>Grupos!E8,3,IF(Grupos!D8=Grupos!E8,1,0)),0)+IF(AND(ISNUMBER(Grupos!E10),ISNUMBER(Grupos!D10)),IF(Grupos!E10>Grupos!D10,3,IF(Grupos!E10=Grupos!D10,1,0)),0)+IF(AND(ISNUMBER(Grupos!E12),ISNUMBER(Grupos!D12)),IF(Grupos!E12>Grupos!D12,3,IF(Grupos!E12=Grupos!D12,1,0)),0) | E4: =IF(AND(ISNUMBER(Grupos!D8),ISNUMBER(Grupos!E8)),Grupos!D8,0)+IF(AND(ISNUMBER(Grupos!E10),ISNUMBER(Grupos!D10)),Grupos!E10,0)+IF(AND(ISNUMBER(Grupos!E12),ISNUMBER(Grupos!D12)),Grupos!E12,0) | F4: =IF(AND(ISNUMBER(Grupos!D8),ISNUMBER(Grupos!E8)),Grupos!E8,0)+IF(AND(ISNUMBER(Grupos!E10),ISNUMBER(Grupos!D10)),Grupos!D10,0)+IF(AND(ISNUMBER(Grupos!E12),ISNUMBER(Grupos!D12)),Grupos!D12,0) | G4: =E4-F4 | H4: =IF(AND(AND(ISNUMBER(Grupos!D8),ISNUMBER(Grupos!E8)),D5=D4),IF(Grupos!D8>Grupos!E8,3,IF(Grupos!D8=Grupos!E8,1,0)),0)+IF(AND(AND(ISNUMBER(Grupos!E10),ISNUMBER(Grupos!D10)),D2=D4),IF(Grupos!E10>Grupos!D10,3,IF(Grupos!E10=Grupos!D10,1,0)),0)+IF(AND(AND(ISNUMBER(Grupos!E12),ISNUMBER(Grupos!D12)),D3=D4),IF(Grupos!E12>Grupos!D12,3,IF(Grupos!E12=Grupos!D12,1,0)),0) | I4: =IF(AND(AND(ISNUMBER(Grupos!D8),ISNUMBER(Grupos!E8)),D5=D4),Grupos!D8-Grupos!E8,0)+IF(AND(AND(ISNUMBER(Grupos!E10),ISNUMBER(Grupos!D10)),D2=D4),Grupos!E10-Grupos!D10,0)+IF(AND(AND(ISNUMBER(Grupos!E12),ISNUMBER(Grupos!D12)),D3=D4),Grupos!E12-Grupos!D12,0) | J4: =IF(AND(AND(ISNUMBER(Grupos!D8),ISNUMBER(Grupos!E8)),D5=D4),Grupos!D8,0)+IF(AND(AND(ISNUMBER(Grupos!E10),ISNUMBER(Grupos!D10)),D2=D4),Grupos!E10,0)+IF(AND(AND(ISNUMBER(Grupos!E12),ISNUMBER(Grupos!D12)),D3=D4),Grupos!E12,0) | K4: =D4*100000000000+H4*1000000000+(I4+50)*10000000+J4*100000+(G4+50)*1000+E4*10+(4-C4) | L4: =RANK(K4,K2:K5,0)
A5: A | B5: CZE | C5: 4 | D5: =IF(AND(ISNUMBER(Grupos!E8),ISNUMBER(Grupos!D8)),IF(Grupos!E8>Grupos!D8,3,IF(Grupos!E8=Grupos!D8,1,0)),0)+IF(AND(ISNUMBER(Grupos!D9),ISNUMBER(Grupos!E9)),IF(Grupos!D9>Grupos!E9,3,IF(Grupos!D9=Grupos!E9,1,0)),0)+IF(AND(ISNUMBER(Grupos!D11),ISNUMBER(Grupos!E11)),IF(Grupos!D11>Grupos!E11,3,IF(Grupos!D11=Grupos!E11,1,0)),0) | E5: =IF(AND(ISNUMBER(Grupos!E8),ISNUMBER(Grupos!D8)),Grupos!E8,0)+IF(AND(ISNUMBER(Grupos!D9),ISNUMBER(Grupos!E9)),Grupos!D9,0)+IF(AND(ISNUMBER(Grupos!D11),ISNUMBER(Grupos!E11)),Grupos!D11,0) | F5: =IF(AND(ISNUMBER(Grupos!E8),ISNUMBER(Grupos!D8)),Grupos!D8,0)+IF(AND(ISNUMBER(Grupos!D9),ISNUMBER(Grupos!E9)),Grupos!E9,0)+IF(AND(ISNUMBER(Grupos!D11),ISNUMBER(Grupos!E11)),Grupos!E11,0) | G5: =E5-F5 | H5: =IF(AND(AND(ISNUMBER(Grupos!E8),ISNUMBER(Grupos!D8)),D4=D5),IF(Grupos!E8>Grupos!D8,3,IF(Grupos!E8=Grupos!D8,1,0)),0)+IF(AND(AND(ISNUMBER(Grupos!D9),ISNUMBER(Grupos!E9)),D3=D5),IF(Grupos!D9>Grupos!E9,3,IF(Grupos!D9=Grupos!E9,1,0)),0)+IF(AND(AND(ISNUMBER(Grupos!D11),ISNUMBER(Grupos!E11)),D2=D5),IF(Grupos!D11>Grupos!E11,3,IF(Grupos!D11=Grupos!E11,1,0)),0) | I5: =IF(AND(AND(ISNUMBER(Grupos!E8),ISNUMBER(Grupos!D8)),D4=D5),Grupos!E8-Grupos!D8,0)+IF(AND(AND(ISNUMBER(Grupos!D9),ISNUMBER(Grupos!E9)),D3=D5),Grupos!D9-Grupos!E9,0)+IF(AND(AND(ISNUMBER(Grupos!D11),ISNUMBER(Grupos!E11)),D2=D5),Grupos!D11-Grupos!E11,0) | J5: =IF(AND(AND(ISNUMBER(Grupos!E8),ISNUMBER(Grupos!D8)),D4=D5),Grupos!E8,0)+IF(AND(AND(ISNUMBER(Grupos!D9),ISNUMBER(Grupos!E9)),D3=D5),Grupos!D9,0)+IF(AND(AND(ISNUMBER(Grupos!D11),ISNUMBER(Grupos!E11)),D2=D5),Grupos!D11,0) | K5: =D5*100000000000+H5*1000000000+(I5+50)*10000000+J5*100000+(G5+50)*1000+E5*10+(4-C5) | L5: =RANK(K5,K2:K5,0)
A6: B | B6: CAN | C6: 1 | D6: =IF(AND(ISNUMBER(Grupos!D16),ISNUMBER(Grupos!E16)),IF(Grupos!D16>Grupos!E16,3,IF(Grupos!D16=Grupos!E16,1,0)),0)+IF(AND(ISNUMBER(Grupos!D19),ISNUMBER(Grupos!E19)),IF(Grupos!D19>Grupos!E19,3,IF(Grupos!D19=Grupos!E19,1,0)),0)+IF(AND(ISNUMBER(Grupos!E20),ISNUMBER(Grupos!D20)),IF(Grupos!E20>Grupos!D20,3,IF(Grupos!E20=Grupos!D20,1,0)),0) | E6: =IF(AND(ISNUMBER(Grupos!D16),ISNUMBER(Grupos!E16)),Grupos!D16,0)+IF(AND(ISNUMBER(Grupos!D19),ISNUMBER(Grupos!E19)),Grupos!D19,0)+IF(AND(ISNUMBER(Grupos!E20),ISNUMBER(Grupos!D20)),Grupos!E20,0) | F6: =IF(AND(ISNUMBER(Grupos!D16),ISNUMBER(Grupos!E16)),Grupos!E16,0)+IF(AND(ISNUMBER(Grupos!D19),ISNUMBER(Grupos!E19)),Grupos!E19,0)+IF(AND(ISNUMBER(Grupos!E20),ISNUMBER(Grupos!D20)),Grupos!D20,0) | G6: =E6-F6 | H6: =IF(AND(AND(ISNUMBER(Grupos!D16),ISNUMBER(Grupos!E16)),D7=D6),IF(Grupos!D16>Grupos!E16,3,IF(Grupos!D16=Grupos!E16,1,0)),0)+IF(AND(AND(ISNUMBER(Grupos!D19),ISNUMBER(Grupos!E19)),D8=D6),IF(Grupos!D19>Grupos!E19,3,IF(Grupos!D19=Grupos!E19,1,0)),0)+IF(AND(AND(ISNUMBER(Grupos!E20),ISNUMBER(Grupos!D20)),D9=D6),IF(Grupos!E20>Grupos!D20,3,IF(Grupos!E20=Grupos!D20,1,0)),0) | I6: =IF(AND(AND(ISNUMBER(Grupos!D16),ISNUMBER(Grupos!E16)),D7=D6),Grupos!D16-Grupos!E16,0)+IF(AND(AND(ISNUMBER(Grupos!D19),ISNUMBER(Grupos!E19)),D8=D6),Grupos!D19-Grupos!E19,0)+IF(AND(AND(ISNUMBER(Grupos!E20),ISNUMBER(Grupos!D20)),D9=D6),Grupos!E20-Grupos!D20,0) | J6: =IF(AND(AND(ISNUMBER(Grupos!D16),ISNUMBER(Grupos!E16)),D7=D6),Grupos!D16,0)+IF(AND(AND(ISNUMBER(Grupos!D19),ISNUMBER(Grupos!E19)),D8=D6),Grupos!D19,0)+IF(AND(AND(ISNUMBER(Grupos!E20),ISNUMBER(Grupos!D20)),D9=D6),Grupos!E20,0) | K6: =D6*100000000000+H6*1000000000+(I6+50)*10000000+J6*100000+(G6+50)*1000+E6*10+(4-C6) | L6: =RANK(K6,K6:K9,0) | N6: =INDEX(B6:B9,MATCH(1,L6:L9,0)) | O6: =INDEX(B6:B9,MATCH(2,L6:L9,0)) | P6: =INDEX(B6:B9,MATCH(3,L6:L9,0))
A7: B | B7: BIH | C7: 2 | D7: =IF(AND(ISNUMBER(Grupos!E16),ISNUMBER(Grupos!D16)),IF(Grupos!E16>Grupos!D16,3,IF(Grupos!E16=Grupos!D16,1,0)),0)+IF(AND(ISNUMBER(Grupos!E18),ISNUMBER(Grupos!D18)),IF(Grupos!E18>Grupos!D18,3,IF(Grupos!E18=Grupos!D18,1,0)),0)+IF(AND(ISNUMBER(Grupos!D21),ISNUMBER(Grupos!E21)),IF(Grupos!D21>Grupos!E21,3,IF(Grupos!D21=Grupos!E21,1,0)),0) | E7: =IF(AND(ISNUMBER(Grupos!E16),ISNUMBER(Grupos!D16)),Grupos!E16,0)+IF(AND(ISNUMBER(Grupos!E18),ISNUMBER(Grupos!D18)),Grupos!E18,0)+IF(AND(ISNUMBER(Grupos!D21),ISNUMBER(Grupos!E21)),Grupos!D21,0) | F7: =IF(AND(ISNUMBER(Grupos!E16),ISNUMBER(Grupos!D16)),Grupos!D16,0)+IF(AND(ISNUMBER(Grupos!E18),ISNUMBER(Grupos!D18)),Grupos!D18,0)+IF(AND(ISNUMBER(Grupos!D21),ISNUMBER(Grupos!E21)),Grupos!E21,0) | G7: =E7-F7 | H7: =IF(AND(AND(ISNUMBER(Grupos!E16),ISNUMBER(Grupos!D16)),D6=D7),IF(Grupos!E16>Grupos!D16,3,IF(Grupos!E16=Grupos!D16,1,0)),0)+IF(AND(AND(ISNUMBER(Grupos!E18),ISNUMBER(Grupos!D18)),D9=D7),IF(Grupos!E18>Grupos!D18,3,IF(Grupos!E18=Grupos!D18,1,0)),0)+IF(AND(AND(ISNUMBER(Grupos!D21),ISNUMBER(Grupos!E21)),D8=D7),IF(Grupos!D21>Grupos!E21,3,IF(Grupos!D21=Grupos!E21,1,0)),0) | I7: =IF(AND(AND(ISNUMBER(Grupos!E16),ISNUMBER(Grupos!D16)),D6=D7),Grupos!E16-Grupos!D16,0)+IF(AND(AND(ISNUMBER(Grupos!E18),ISNUMBER(Grupos!D18)),D9=D7),Grupos!E18-Grupos!D18,0)+IF(AND(AND(ISNUMBER(Grupos!D21),ISNUMBER(Grupos!E21)),D8=D7),Grupos!D21-Grupos!E21,0) | J7: =IF(AND(AND(ISNUMBER(Grupos!E16),ISNUMBER(Grupos!D16)),D6=D7),Grupos!E16,0)+IF(AND(AND(ISNUMBER(Grupos!E18),ISNUMBER(Grupos!D18)),D9=D7),Grupos!E18,0)+IF(AND(AND(ISNUMBER(Grupos!D21),ISNUMBER(Grupos!E21)),D8=D7),Grupos!D21,0) | K7: =D7*100000000000+H7*1000000000+(I7+50)*10000000+J7*100000+(G7+50)*1000+E7*10+(4-C7) | L7: =RANK(K7,K6:K9,0)
A8: B | B8: QAT | C8: 3 | D8: =IF(AND(ISNUMBER(Grupos!D17),ISNUMBER(Grupos!E17)),IF(Grupos!D17>Grupos!E17,3,IF(Grupos!D17=Grupos!E17,1,0)),0)+IF(AND(ISNUMBER(Grupos!E19),ISNUMBER(Grupos!D19)),IF(Grupos!E19>Grupos!D19,3,IF(Grupos!E19=Grupos!D19,1,0)),0)+IF(AND(ISNUMBER(Grupos!E21),ISNUMBER(Grupos!D21)),IF(Grupos!E21>Grupos!D21,3,IF(Grupos!E21=Grupos!D21,1,0)),0) | E8: =IF(AND(ISNUMBER(Grupos!D17),ISNUMBER(Grupos!E17)),Grupos!D17,0)+IF(AND(ISNUMBER(Grupos!E19),ISNUMBER(Grupos!D19)),Grupos!E19,0)+IF(AND(ISNUMBER(Grupos!E21),ISNUMBER(Grupos!D21)),Grupos!E21,0) | F8: =IF(AND(ISNUMBER(Grupos!D17),ISNUMBER(Grupos!E17)),Grupos!E17,0)+IF(AND(ISNUMBER(Grupos!E19),ISNUMBER(Grupos!D19)),Grupos!D19,0)+IF(AND(ISNUMBER(Grupos!E21),ISNUMBER(Grupos!D21)),Grupos!D21,0) | G8: =E8-F8 | H8: =IF(AND(AND(ISNUMBER(Grupos!D17),ISNUMBER(Grupos!E17)),D9=D8),IF(Grupos!D17>Grupos!E17,3,IF(Grupos!D17=Grupos!E17,1,0)),0)+IF(AND(AND(ISNUMBER(Grupos!E19),ISNUMBER(Grupos!D19)),D6=D8),IF(Grupos!E19>Grupos!D19,3,IF(Grupos!E19=Grupos!D19,1,0)),0)+IF(AND(AND(ISNUMBER(Grupos!E21),ISNUMBER(Grupos!D21)),D7=D8),IF(Grupos!E21>Grupos!D21,3,IF(Grupos!E21=Grupos!D21,1,0)),0) | I8: =IF(AND(AND(ISNUMBER(Grupos!D17),ISNUMBER(Grupos!E17)),D9=D8),Grupos!D17-Grupos!E17,0)+IF(AND(AND(ISNUMBER(Grupos!E19),ISNUMBER(Grupos!D19)),D6=D8),Grupos!E19-Grupos!D19,0)+IF(AND(AND(ISNUMBER(Grupos!E21),ISNUMBER(Grupos!D21)),D7=D8),Grupos!E21-Grupos!D21,0) | J8: =IF(AND(AND(ISNUMBER(Grupos!D17),ISNUMBER(Grupos!E17)),D9=D8),Grupos!D17,0)+IF(AND(AND(ISNUMBER(Grupos!E19),ISNUMBER(Grupos!D19)),D6=D8),Grupos!E19,0)+IF(AND(AND(ISNUMBER(Grupos!E21),ISNUMBER(Grupos!D21)),D7=D8),Grupos!E21,0) | K8: =D8*100000000000+H8*1000000000+(I8+50)*10000000+J8*100000+(G8+50)*1000+E8*10+(4-C8) | L8: =RANK(K8,K6:K9,0)
A9: B | B9: SUI | C9: 4 | D9: =IF(AND(ISNUMBER(Grupos!E17),ISNUMBER(Grupos!D17)),IF(Grupos!E17>Grupos!D17,3,IF(Grupos!E17=Grupos!D17,1,0)),0)+IF(AND(ISNUMBER(Grupos!D18),ISNUMBER(Grupos!E18)),IF(Grupos!D18>Grupos!E18,3,IF(Grupos!D18=Grupos!E18,1,0)),0)+IF(AND(ISNUMBER(Grupos!D20),ISNUMBER(Grupos!E20)),IF(Grupos!D20>Grupos!E20,3,IF(Grupos!D20=Grupos!E20,1,0)),0) | E9: =IF(AND(ISNUMBER(Grupos!E17),ISNUMBER(Grupos!D17)),Grupos!E17,0)+IF(AND(ISNUMBER(Grupos!D18),ISNUMBER(Grupos!E18)),Grupos!D18,0)+IF(AND(ISNUMBER(Grupos!D20),ISNUMBER(Grupos!E20)),Grupos!D20,0) | F9: =IF(AND(ISNUMBER(Grupos!E17),ISNUMBER(Grupos!D17)),Grupos!D17,0)+IF(AND(ISNUMBER(Grupos!D18),ISNUMBER(Grupos!E18)),Grupos!E18,0)+IF(AND(ISNUMBER(Grupos!D20),ISNUMBER(Grupos!E20)),Grupos!E20,0) | G9: =E9-F9 | H9: =IF(AND(AND(ISNUMBER(Grupos!E17),ISNUMBER(Grupos!D17)),D8=D9),IF(Grupos!E17>Grupos!D17,3,IF(Grupos!E17=Grupos!D17,1,0)),0)+IF(AND(AND(ISNUMBER(Grupos!D18),ISNUMBER(Grupos!E18)),D7=D9),IF(Grupos!D18>Grupos!E18,3,IF(Grupos!D18=Grupos!E18,1,0)),0)+IF(AND(AND(ISNUMBER(Grupos!D20),ISNUMBER(Grupos!E20)),D6=D9),IF(Grupos!D20>Grupos!E20,3,IF(Grupos!D20=Grupos!E20,1,0)),0) | I9: =IF(AND(AND(ISNUMBER(Grupos!E17),ISNUMBER(Grupos!D17)),D8=D9),Grupos!E17-Grupos!D17,0)+IF(AND(AND(ISNUMBER(Grupos!D18),ISNUMBER(Grupos!E18)),D7=D9),Grupos!D18-Grupos!E18,0)+IF(AND(AND(ISNUMBER(Grupos!D20),ISNUMBER(Grupos!E20)),D6=D9),Grupos!D20-Grupos!E20,0) | J9: =IF(AND(AND(ISNUMBER(Grupos!E17),ISNUMBER(Grupos!D17)),D8=D9),Grupos!E17,0)+IF(AND(AND(ISNUMBER(Grupos!D18),ISNUMBER(Grupos!E18)),D7=D9),Grupos!D18,0)+IF(AND(AND(ISNUMBER(Grupos!D20),ISNUMBER(Grupos!E20)),D6=D9),Grupos!D20,0) | K9: =D9*100000000000+H9*1000000000+(I9+50)*10000000+J9*100000+(G9+50)*1000+E9*10+(4-C9) | L9: =RANK(K9,K6:K9,0)
A10: C | B10: BRA | C10: 1 | D10: =IF(AND(ISNUMBER(Grupos!D25),ISNUMBER(Grupos!E25)),IF(Grupos!D25>Grupos!E25,3,IF(Grupos!D25=Grupos!E25,1,0)),0)+IF(AND(ISNUMBER(Grupos!D28),ISNUMBER(Grupos!E28)),IF(Grupos!D28>Grupos!E28,3,IF(Grupos!D28=Grupos!E28,1,0)),0)+IF(AND(ISNUMBER(Grupos!E29),ISNUMBER(Grupos!D29)),IF(Grupos!E29>Grupos!D29,3,IF(Grupos!E29=Grupos!D29,1,0)),0) | E10: =IF(AND(ISNUMBER(Grupos!D25),ISNUMBER(Grupos!E25)),Grupos!D25,0)+IF(AND(ISNUMBER(Grupos!D28),ISNUMBER(Grupos!E28)),Grupos!D28,0)+IF(AND(ISNUMBER(Grupos!E29),ISNUMBER(Grupos!D29)),Grupos!E29,0) | F10: =IF(AND(ISNUMBER(Grupos!D25),ISNUMBER(Grupos!E25)),Grupos!E25,0)+IF(AND(ISNUMBER(Grupos!D28),ISNUMBER(Grupos!E28)),Grupos!E28,0)+IF(AND(ISNUMBER(Grupos!E29),ISNUMBER(Grupos!D29)),Grupos!D29,0) | G10: =E10-F10 | H10: =IF(AND(AND(ISNUMBER(Grupos!D25),ISNUMBER(Grupos!E25)),D11=D10),IF(Grupos!D25>Grupos!E25,3,IF(Grupos!D25=Grupos!E25,1,0)),0)+IF(AND(AND(ISNUMBER(Grupos!D28),ISNUMBER(Grupos!E28)),D12=D10),IF(Grupos!D28>Grupos!E28,3,IF(Grupos!D28=Grupos!E28,1,0)),0)+IF(AND(AND(ISNUMBER(Grupos!E29),ISNUMBER(Grupos!D29)),D13=D10),IF(Grupos!E29>Grupos!D29,3,IF(Grupos!E29=Grupos!D29,1,0)),0) | I10: =IF(AND(AND(ISNUMBER(Grupos!D25),ISNUMBER(Grupos!E25)),D11=D10),Grupos!D25-Grupos!E25,0)+IF(AND(AND(ISNUMBER(Grupos!D28),ISNUMBER(Grupos!E28)),D12=D10),Grupos!D28-Grupos!E28,0)+IF(AND(AND(ISNUMBER(Grupos!E29),ISNUMBER(Grupos!D29)),D13=D10),Grupos!E29-Grupos!D29,0) | J10: =IF(AND(AND(ISNUMBER(Grupos!D25),ISNUMBER(Grupos!E25)),D11=D10),Grupos!D25,0)+IF(AND(AND(ISNUMBER(Grupos!D28),ISNUMBER(Grupos!E28)),D12=D10),Grupos!D28,0)+IF(AND(AND(ISNUMBER(Grupos!E29),ISNUMBER(Grupos!D29)),D13=D10),Grupos!E29,0) | K10: =D10*100000000000+H10*1000000000+(I10+50)*10000000+J10*100000+(G10+50)*1000+E10*10+(4-C10) | L10: =RANK(K10,K10:K13,0) | N10: =INDEX(B10:B13,MATCH(1,L10:L13,0)) | O10: =INDEX(B10:B13,MATCH(2,L10:L13,0)) | P10: =INDEX(B10:B13,MATCH(3,L10:L13,0))
A11: C | B11: MAR | C11: 2 | D11: =IF(AND(ISNUMBER(Grupos!E25),ISNUMBER(Grupos!D25)),IF(Grupos!E25>Grupos!D25,3,IF(Grupos!E25=Grupos!D25,1,0)),0)+IF(AND(ISNUMBER(Grupos!E27),ISNUMBER(Grupos!D27)),IF(Grupos!E27>Grupos!D27,3,IF(Grupos!E27=Grupos!D27,1,0)),0)+IF(AND(ISNUMBER(Grupos!D30),ISNUMBER(Grupos!E30)),IF(Grupos!D30>Grupos!E30,3,IF(Grupos!D30=Grupos!E30,1,0)),0) | E11: =IF(AND(ISNUMBER(Grupos!E25),ISNUMBER(Grupos!D25)),Grupos!E25,0)+IF(AND(ISNUMBER(Grupos!E27),ISNUMBER(Grupos!D27)),Grupos!E27,0)+IF(AND(ISNUMBER(Grupos!D30),ISNUMBER(Grupos!E30)),Grupos!D30,0) | F11: =IF(AND(ISNUMBER(Grupos!E25),ISNUMBER(Grupos!D25)),Grupos!D25,0)+IF(AND(ISNUMBER(Grupos!E27),ISNUMBER(Grupos!D27)),Grupos!D27,0)+IF(AND(ISNUMBER(Grupos!D30),ISNUMBER(Grupos!E30)),Grupos!E30,0) | G11: =E11-F11 | H11: =IF(AND(AND(ISNUMBER(Grupos!E25),ISNUMBER(Grupos!D25)),D10=D11),IF(Grupos!E25>Grupos!D25,3,IF(Grupos!E25=Grupos!D25,1,0)),0)+IF(AND(AND(ISNUMBER(Grupos!E27),ISNUMBER(Grupos!D27)),D13=D11),IF(Grupos!E27>Grupos!D27,3,IF(Grupos!E27=Grupos!D27,1,0)),0)+IF(AND(AND(ISNUMBER(Grupos!D30),ISNUMBER(Grupos!E30)),D12=D11),IF(Grupos!D30>Grupos!E30,3,IF(Grupos!D30=Grupos!E30,1,0)),0) | I11: =IF(AND(AND(ISNUMBER(Grupos!E25),ISNUMBER(Grupos!D25)),D10=D11),Grupos!E25-Grupos!D25,0)+IF(AND(AND(ISNUMBER(Grupos!E27),ISNUMBER(Grupos!D27)),D13=D11),Grupos!E27-Grupos!D27,0)+IF(AND(AND(ISNUMBER(Grupos!D30),ISNUMBER(Grupos!E30)),D12=D11),Grupos!D30-Grupos!E30,0) | J11: =IF(AND(AND(ISNUMBER(Grupos!E25),ISNUMBER(Grupos!D25)),D10=D11),Grupos!E25,0)+IF(AND(AND(ISNUMBER(Grupos!E27),ISNUMBER(Grupos!D27)),D13=D11),Grupos!E27,0)+IF(AND(AND(ISNUMBER(Grupos!D30),ISNUMBER(Grupos!E30)),D12=D11),Grupos!D30,0) | K11: =D11*100000000000+H11*1000000000+(I11+50)*10000000+J11*100000+(G11+50)*1000+E11*10+(4-C11) | L11: =RANK(K11,K10:K13,0)
A12: C | B12: HAI | C12: 3 | D12: =IF(AND(ISNUMBER(Grupos!D26),ISNUMBER(Grupos!E26)),IF(Grupos!D26>Grupos!E26,3,IF(Grupos!D26=Grupos!E26,1,0)),0)+IF(AND(ISNUMBER(Grupos!E28),ISNUMBER(Grupos!D28)),IF(Grupos!E28>Grupos!D28,3,IF(Grupos!E28=Grupos!D28,1,0)),0)+IF(AND(ISNUMBER(Grupos!E30),ISNUMBER(Grupos!D30)),IF(Grupos!E30>Grupos!D30,3,IF(Grupos!E30=Grupos!D30,1,0)),0) | E12: =IF(AND(ISNUMBER(Grupos!D26),ISNUMBER(Grupos!E26)),Grupos!D26,0)+IF(AND(ISNUMBER(Grupos!E28),ISNUMBER(Grupos!D28)),Grupos!E28,0)+IF(AND(ISNUMBER(Grupos!E30),ISNUMBER(Grupos!D30)),Grupos!E30,0) | F12: =IF(AND(ISNUMBER(Grupos!D26),ISNUMBER(Grupos!E26)),Grupos!E26,0)+IF(AND(ISNUMBER(Grupos!E28),ISNUMBER(Grupos!D28)),Grupos!D28,0)+IF(AND(ISNUMBER(Grupos!E30),ISNUMBER(Grupos!D30)),Grupos!D30,0) | G12: =E12-F12 | H12: =IF(AND(AND(ISNUMBER(Grupos!D26),ISNUMBER(Grupos!E26)),D13=D12),IF(Grupos!D26>Grupos!E26,3,IF(Grupos!D26=Grupos!E26,1,0)),0)+IF(AND(AND(ISNUMBER(Grupos!E28),ISNUMBER(Grupos!D28)),D10=D12),IF(Grupos!E28>Grupos!D28,3,IF(Grupos!E28=Grupos!D28,1,0)),0)+IF(AND(AND(ISNUMBER(Grupos!E30),ISNUMBER(Grupos!D30)),D11=D12),IF(Grupos!E30>Grupos!D30,3,IF(Grupos!E30=Grupos!D30,1,0)),0) | I12: =IF(AND(AND(ISNUMBER(Grupos!D26),ISNUMBER(Grupos!E26)),D13=D12),Grupos!D26-Grupos!E26,0)+IF(AND(AND(ISNUMBER(Grupos!E28),ISNUMBER(Grupos!D28)),D10=D12),Grupos!E28-Grupos!D28,0)+IF(AND(AND(ISNUMBER(Grupos!E30),ISNUMBER(Grupos!D30)),D11=D12),Grupos!E30-Grupos!D30,0) | J12: =IF(AND(AND(ISNUMBER(Grupos!D26),ISNUMBER(Grupos!E26)),D13=D12),Grupos!D26,0)+IF(AND(AND(ISNUMBER(Grupos!E28),ISNUMBER(Grupos!D28)),D10=D12),Grupos!E28,0)+IF(AND(AND(ISNUMBER(Grupos!E30),ISNUMBER(Grupos!D30)),D11=D12),Grupos!E30,0) | K12: =D12*100000000000+H12*1000000000+(I12+50)*10000000+J12*100000+(G12+50)*1000+E12*10+(4-C12) | L12: =RANK(K12,K10:K13,0)
A13: C | B13: SCO | C13: 4 | D13: =IF(AND(ISNUMBER(Grupos!E26),ISNUMBER(Grupos!D26)),IF(Grupos!E26>Grupos!D26,3,IF(Grupos!E26=Grupos!D26,1,0)),0)+IF(AND(ISNUMBER(Grupos!D27),ISNUMBER(Grupos!E27)),IF(Grupos!D27>Grupos!E27,3,IF(Grupos!D27=Grupos!E27,1,0)),0)+IF(AND(ISNUMBER(Grupos!D29),ISNUMBER(Grupos!E29)),IF(Grupos!D29>Grupos!E29,3,IF(Grupos!D29=Grupos!E29,1,0)),0) | E13: =IF(AND(ISNUMBER(Grupos!E26),ISNUMBER(Grupos!D26)),Grupos!E26,0)+IF(AND(ISNUMBER(Grupos!D27),ISNUMBER(Grupos!E27)),Grupos!D27,0)+IF(AND(ISNUMBER(Grupos!D29),ISNUMBER(Grupos!E29)),Grupos!D29,0) | F13: =IF(AND(ISNUMBER(Grupos!E26),ISNUMBER(Grupos!D26)),Grupos!D26,0)+IF(AND(ISNUMBER(Grupos!D27),ISNUMBER(Grupos!E27)),Grupos!E27,0)+IF(AND(ISNUMBER(Grupos!D29),ISNUMBER(Grupos!E29)),Grupos!E29,0) | G13: =E13-F13 | H13: =IF(AND(AND(ISNUMBER(Grupos!E26),ISNUMBER(Grupos!D26)),D12=D13),IF(Grupos!E26>Grupos!D26,3,IF(Grupos!E26=Grupos!D26,1,0)),0)+IF(AND(AND(ISNUMBER(Grupos!D27),ISNUMBER(Grupos!E27)),D11=D13),IF(Grupos!D27>Grupos!E27,3,IF(Grupos!D27=Grupos!E27,1,0)),0)+IF(AND(AND(ISNUMBER(Grupos!D29),ISNUMBER(Grupos!E29)),D10=D13),IF(Grupos!D29>Grupos!E29,3,IF(Grupos!D29=Grupos!E29,1,0)),0) | I13: =IF(AND(AND(ISNUMBER(Grupos!E26),ISNUMBER(Grupos!D26)),D12=D13),Grupos!E26-Grupos!D26,0)+IF(AND(AND(ISNUMBER(Grupos!D27),ISNUMBER(Grupos!E27)),D11=D13),Grupos!D27-Grupos!E27,0)+IF(AND(AND(ISNUMBER(Grupos!D29),ISNUMBER(Grupos!E29)),D10=D13),Grupos!D29-Grupos!E29,0) | J13: =IF(AND(AND(ISNUMBER(Grupos!E26),ISNUMBER(Grupos!D26)),D12=D13),Grupos!E26,0)+IF(AND(AND(ISNUMBER(Grupos!D27),ISNUMBER(Grupos!E27)),D11=D13),Grupos!D27,0)+IF(AND(AND(ISNUMBER(Grupos!D29),ISNUMBER(Grupos!E29)),D10=D13),Grupos!D29,0) | K13: =D13*100000000000+H13*1000000000+(I13+50)*10000000+J13*100000+(G13+50)*1000+E13*10+(4-C13) | L13: =RANK(K13,K10:K13,0)
A14: D | B14: USA | C14: 1 | D14: =IF(AND(ISNUMBER(Grupos!D34),ISNUMBER(Grupos!E34)),IF(Grupos!D34>Grupos!E34,3,IF(Grupos!D34=Grupos!E34,1,0)),0)+IF(AND(ISNUMBER(Grupos!D36),ISNUMBER(Grupos!E36)),IF(Grupos!D36>Grupos!E36,3,IF(Grupos!D36=Grupos!E36,1,0)),0)+IF(AND(ISNUMBER(Grupos!E38),ISNUMBER(Grupos!D38)),IF(Grupos!E38>Grupos!D38,3,IF(Grupos!E38=Grupos!D38,1,0)),0) | E14: =IF(AND(ISNUMBER(Grupos!D34),ISNUMBER(Grupos!E34)),Grupos!D34,0)+IF(AND(ISNUMBER(Grupos!D36),ISNUMBER(Grupos!E36)),Grupos!D36,0)+IF(AND(ISNUMBER(Grupos!E38),ISNUMBER(Grupos!D38)),Grupos!E38,0) | F14: =IF(AND(ISNUMBER(Grupos!D34),ISNUMBER(Grupos!E34)),Grupos!E34,0)+IF(AND(ISNUMBER(Grupos!D36),ISNUMBER(Grupos!E36)),Grupos!E36,0)+IF(AND(ISNUMBER(Grupos!E38),ISNUMBER(Grupos!D38)),Grupos!D38,0) | G14: =E14-F14 | H14: =IF(AND(AND(ISNUMBER(Grupos!D34),ISNUMBER(Grupos!E34)),D15=D14),IF(Grupos!D34>Grupos!E34,3,IF(Grupos!D34=Grupos!E34,1,0)),0)+IF(AND(AND(ISNUMBER(Grupos!D36),ISNUMBER(Grupos!E36)),D16=D14),IF(Grupos!D36>Grupos!E36,3,IF(Grupos!D36=Grupos!E36,1,0)),0)+IF(AND(AND(ISNUMBER(Grupos!E38),ISNUMBER(Grupos!D38)),D17=D14),IF(Grupos!E38>Grupos!D38,3,IF(Grupos!E38=Grupos!D38,1,0)),0) | I14: =IF(AND(AND(ISNUMBER(Grupos!D34),ISNUMBER(Grupos!E34)),D15=D14),Grupos!D34-Grupos!E34,0)+IF(AND(AND(ISNUMBER(Grupos!D36),ISNUMBER(Grupos!E36)),D16=D14),Grupos!D36-Grupos!E36,0)+IF(AND(AND(ISNUMBER(Grupos!E38),ISNUMBER(Grupos!D38)),D17=D14),Grupos!E38-Grupos!D38,0) | J14: =IF(AND(AND(ISNUMBER(Grupos!D34),ISNUMBER(Grupos!E34)),D15=D14),Grupos!D34,0)+IF(AND(AND(ISNUMBER(Grupos!D36),ISNUMBER(Grupos!E36)),D16=D14),Grupos!D36,0)+IF(AND(AND(ISNUMBER(Grupos!E38),ISNUMBER(Grupos!D38)),D17=D14),Grupos!E38,0) | K14: =D14*100000000000+H14*1000000000+(I14+50)*10000000+J14*100000+(G14+50)*1000+E14*10+(4-C14) | L14: =RANK(K14,K14:K17,0) | N14: =INDEX(B14:B17,MATCH(1,L14:L17,0)) | O14: =INDEX(B14:B17,MATCH(2,L14:L17,0)) | P14: =INDEX(B14:B17,MATCH(3,L14:L17,0))
A15: D | B15: PAR | C15: 2 | D15: =IF(AND(ISNUMBER(Grupos!E34),ISNUMBER(Grupos!D34)),IF(Grupos!E34>Grupos!D34,3,IF(Grupos!E34=Grupos!D34,1,0)),0)+IF(AND(ISNUMBER(Grupos!E37),ISNUMBER(Grupos!D37)),IF(Grupos!E37>Grupos!D37,3,IF(Grupos!E37=Grupos!D37,1,0)),0)+IF(AND(ISNUMBER(Grupos!D39),ISNUMBER(Grupos!E39)),IF(Grupos!D39>Grupos!E39,3,IF(Grupos!D39=Grupos!E39,1,0)),0) | E15: =IF(AND(ISNUMBER(Grupos!E34),ISNUMBER(Grupos!D34)),Grupos!E34,0)+IF(AND(ISNUMBER(Grupos!E37),ISNUMBER(Grupos!D37)),Grupos!E37,0)+IF(AND(ISNUMBER(Grupos!D39),ISNUMBER(Grupos!E39)),Grupos!D39,0) | F15: =IF(AND(ISNUMBER(Grupos!E34),ISNUMBER(Grupos!D34)),Grupos!D34,0)+IF(AND(ISNUMBER(Grupos!E37),ISNUMBER(Grupos!D37)),Grupos!D37,0)+IF(AND(ISNUMBER(Grupos!D39),ISNUMBER(Grupos!E39)),Grupos!E39,0) | G15: =E15-F15 | H15: =IF(AND(AND(ISNUMBER(Grupos!E34),ISNUMBER(Grupos!D34)),D14=D15),IF(Grupos!E34>Grupos!D34,3,IF(Grupos!E34=Grupos!D34,1,0)),0)+IF(AND(AND(ISNUMBER(Grupos!E37),ISNUMBER(Grupos!D37)),D17=D15),IF(Grupos!E37>Grupos!D37,3,IF(Grupos!E37=Grupos!D37,1,0)),0)+IF(AND(AND(ISNUMBER(Grupos!D39),ISNUMBER(Grupos!E39)),D16=D15),IF(Grupos!D39>Grupos!E39,3,IF(Grupos!D39=Grupos!E39,1,0)),0) | I15: =IF(AND(AND(ISNUMBER(Grupos!E34),ISNUMBER(Grupos!D34)),D14=D15),Grupos!E34-Grupos!D34,0)+IF(AND(AND(ISNUMBER(Grupos!E37),ISNUMBER(Grupos!D37)),D17=D15),Grupos!E37-Grupos!D37,0)+IF(AND(AND(ISNUMBER(Grupos!D39),ISNUMBER(Grupos!E39)),D16=D15),Grupos!D39-Grupos!E39,0) | J15: =IF(AND(AND(ISNUMBER(Grupos!E34),ISNUMBER(Grupos!D34)),D14=D15),Grupos!E34,0)+IF(AND(AND(ISNUMBER(Grupos!E37),ISNUMBER(Grupos!D37)),D17=D15),Grupos!E37,0)+IF(AND(AND(ISNUMBER(Grupos!D39),ISNUMBER(Grupos!E39)),D16=D15),Grupos!D39,0) | K15: =D15*100000000000+H15*1000000000+(I15+50)*10000000+J15*100000+(G15+50)*1000+E15*10+(4-C15) | L15: =RANK(K15,K14:K17,0)
A16: D | B16: AUS | C16: 3 | D16: =IF(AND(ISNUMBER(Grupos!D35),ISNUMBER(Grupos!E35)),IF(Grupos!D35>Grupos!E35,3,IF(Grupos!D35=Grupos!E35,1,0)),0)+IF(AND(ISNUMBER(Grupos!E36),ISNUMBER(Grupos!D36)),IF(Grupos!E36>Grupos!D36,3,IF(Grupos!E36=Grupos!D36,1,0)),0)+IF(AND(ISNUMBER(Grupos!E39),ISNUMBER(Grupos!D39)),IF(Grupos!E39>Grupos!D39,3,IF(Grupos!E39=Grupos!D39,1,0)),0) | E16: =IF(AND(ISNUMBER(Grupos!D35),ISNUMBER(Grupos!E35)),Grupos!D35,0)+IF(AND(ISNUMBER(Grupos!E36),ISNUMBER(Grupos!D36)),Grupos!E36,0)+IF(AND(ISNUMBER(Grupos!E39),ISNUMBER(Grupos!D39)),Grupos!E39,0) | F16: =IF(AND(ISNUMBER(Grupos!D35),ISNUMBER(Grupos!E35)),Grupos!E35,0)+IF(AND(ISNUMBER(Grupos!E36),ISNUMBER(Grupos!D36)),Grupos!D36,0)+IF(AND(ISNUMBER(Grupos!E39),ISNUMBER(Grupos!D39)),Grupos!D39,0) | G16: =E16-F16 | H16: =IF(AND(AND(ISNUMBER(Grupos!D35),ISNUMBER(Grupos!E35)),D17=D16),IF(Grupos!D35>Grupos!E35,3,IF(Grupos!D35=Grupos!E35,1,0)),0)+IF(AND(AND(ISNUMBER(Grupos!E36),ISNUMBER(Grupos!D36)),D14=D16),IF(Grupos!E36>Grupos!D36,3,IF(Grupos!E36=Grupos!D36,1,0)),0)+IF(AND(AND(ISNUMBER(Grupos!E39),ISNUMBER(Grupos!D39)),D15=D16),IF(Grupos!E39>Grupos!D39,3,IF(Grupos!E39=Grupos!D39,1,0)),0) | I16: =IF(AND(AND(ISNUMBER(Grupos!D35),ISNUMBER(Grupos!E35)),D17=D16),Grupos!D35-Grupos!E35,0)+IF(AND(AND(ISNUMBER(Grupos!E36),ISNUMBER(Grupos!D36)),D14=D16),Grupos!E36-Grupos!D36,0)+IF(AND(AND(ISNUMBER(Grupos!E39),ISNUMBER(Grupos!D39)),D15=D16),Grupos!E39-Grupos!D39,0) | J16: =IF(AND(AND(ISNUMBER(Grupos!D35),ISNUMBER(Grupos!E35)),D17=D16),Grupos!D35,0)+IF(AND(AND(ISNUMBER(Grupos!E36),ISNUMBER(Grupos!D36)),D14=D16),Grupos!E36,0)+IF(AND(AND(ISNUMBER(Grupos!E39),ISNUMBER(Grupos!D39)),D15=D16),Grupos!E39,0) | K16: =D16*100000000000+H16*1000000000+(I16+50)*10000000+J16*100000+(G16+50)*1000+E16*10+(4-C16) | L16: =RANK(K16,K14:K17,0)
A17: D | B17: TUR | C17: 4 | D17: =IF(AND(ISNUMBER(Grupos!E35),ISNUMBER(Grupos!D35)),IF(Grupos!E35>Grupos!D35,3,IF(Grupos!E35=Grupos!D35,1,0)),0)+IF(AND(ISNUMBER(Grupos!D37),ISNUMBER(Grupos!E37)),IF(Grupos!D37>Grupos!E37,3,IF(Grupos!D37=Grupos!E37,1,0)),0)+IF(AND(ISNUMBER(Grupos!D38),ISNUMBER(Grupos!E38)),IF(Grupos!D38>Grupos!E38,3,IF(Grupos!D38=Grupos!E38,1,0)),0) | E17: =IF(AND(ISNUMBER(Grupos!E35),ISNUMBER(Grupos!D35)),Grupos!E35,0)+IF(AND(ISNUMBER(Grupos!D37),ISNUMBER(Grupos!E37)),Grupos!D37,0)+IF(AND(ISNUMBER(Grupos!D38),ISNUMBER(Grupos!E38)),Grupos!D38,0) | F17: =IF(AND(ISNUMBER(Grupos!E35),ISNUMBER(Grupos!D35)),Grupos!D35,0)+IF(AND(ISNUMBER(Grupos!D37),ISNUMBER(Grupos!E37)),Grupos!E37,0)+IF(AND(ISNUMBER(Grupos!D38),ISNUMBER(Grupos!E38)),Grupos!E38,0) | G17: =E17-F17 | H17: =IF(AND(AND(ISNUMBER(Grupos!E35),ISNUMBER(Grupos!D35)),D16=D17),IF(Grupos!E35>Grupos!D35,3,IF(Grupos!E35=Grupos!D35,1,0)),0)+IF(AND(AND(ISNUMBER(Grupos!D37),ISNUMBER(Grupos!E37)),D15=D17),IF(Grupos!D37>Grupos!E37,3,IF(Grupos!D37=Grupos!E37,1,0)),0)+IF(AND(AND(ISNUMBER(Grupos!D38),ISNUMBER(Grupos!E38)),D14=D17),IF(Grupos!D38>Grupos!E38,3,IF(Grupos!D38=Grupos!E38,1,0)),0) | I17: =IF(AND(AND(ISNUMBER(Grupos!E35),ISNUMBER(Grupos!D35)),D16=D17),Grupos!E35-Grupos!D35,0)+IF(AND(AND(ISNUMBER(Grupos!D37),ISNUMBER(Grupos!E37)),D15=D17),Grupos!D37-Grupos!E37,0)+IF(AND(AND(ISNUMBER(Grupos!D38),ISNUMBER(Grupos!E38)),D14=D17),Grupos!D38-Grupos!E38,0) | J17: =IF(AND(AND(ISNUMBER(Grupos!E35),ISNUMBER(Grupos!D35)),D16=D17),Grupos!E35,0)+IF(AND(AND(ISNUMBER(Grupos!D37),ISNUMBER(Grupos!E37)),D15=D17),Grupos!D37,0)+IF(AND(AND(ISNUMBER(Grupos!D38),ISNUMBER(Grupos!E38)),D14=D17),Grupos!D38,0) | K17: =D17*100000000000+H17*1000000000+(I17+50)*10000000+J17*100000+(G17+50)*1000+E17*10+(4-C17) | L17: =RANK(K17,K14:K17,0)
A18: E | B18: GER | C18: 1 | D18: =IF(AND(ISNUMBER(Grupos!D43),ISNUMBER(Grupos!E43)),IF(Grupos!D43>Grupos!E43,3,IF(Grupos!D43=Grupos!E43,1,0)),0)+IF(AND(ISNUMBER(Grupos!D45),ISNUMBER(Grupos!E45)),IF(Grupos!D45>Grupos!E45,3,IF(Grupos!D45=Grupos!E45,1,0)),0)+IF(AND(ISNUMBER(Grupos!E48),ISNUMBER(Grupos!D48)),IF(Grupos!E48>Grupos!D48,3,IF(Grupos!E48=Grupos!D48,1,0)),0) | E18: =IF(AND(ISNUMBER(Grupos!D43),ISNUMBER(Grupos!E43)),Grupos!D43,0)+IF(AND(ISNUMBER(Grupos!D45),ISNUMBER(Grupos!E45)),Grupos!D45,0)+IF(AND(ISNUMBER(Grupos!E48),ISNUMBER(Grupos!D48)),Grupos!E48,0) | F18: =IF(AND(ISNUMBER(Grupos!D43),ISNUMBER(Grupos!E43)),Grupos!E43,0)+IF(AND(ISNUMBER(Grupos!D45),ISNUMBER(Grupos!E45)),Grupos!E45,0)+IF(AND(ISNUMBER(Grupos!E48),ISNUMBER(Grupos!D48)),Grupos!D48,0) | G18: =E18-F18 | H18: =IF(AND(AND(ISNUMBER(Grupos!D43),ISNUMBER(Grupos!E43)),D19=D18),IF(Grupos!D43>Grupos!E43,3,IF(Grupos!D43=Grupos!E43,1,0)),0)+IF(AND(AND(ISNUMBER(Grupos!D45),ISNUMBER(Grupos!E45)),D20=D18),IF(Grupos!D45>Grupos!E45,3,IF(Grupos!D45=Grupos!E45,1,0)),0)+IF(AND(AND(ISNUMBER(Grupos!E48),ISNUMBER(Grupos!D48)),D21=D18),IF(Grupos!E48>Grupos!D48,3,IF(Grupos!E48=Grupos!D48,1,0)),0) | I18: =IF(AND(AND(ISNUMBER(Grupos!D43),ISNUMBER(Grupos!E43)),D19=D18),Grupos!D43-Grupos!E43,0)+IF(AND(AND(ISNUMBER(Grupos!D45),ISNUMBER(Grupos!E45)),D20=D18),Grupos!D45-Grupos!E45,0)+IF(AND(AND(ISNUMBER(Grupos!E48),ISNUMBER(Grupos!D48)),D21=D18),Grupos!E48-Grupos!D48,0) | J18: =IF(AND(AND(ISNUMBER(Grupos!D43),ISNUMBER(Grupos!E43)),D19=D18),Grupos!D43,0)+IF(AND(AND(ISNUMBER(Grupos!D45),ISNUMBER(Grupos!E45)),D20=D18),Grupos!D45,0)+IF(AND(AND(ISNUMBER(Grupos!E48),ISNUMBER(Grupos!D48)),D21=D18),Grupos!E48,0) | K18: =D18*100000000000+H18*1000000000+(I18+50)*10000000+J18*100000+(G18+50)*1000+E18*10+(4-C18) | L18: =RANK(K18,K18:K21,0) | N18: =INDEX(B18:B21,MATCH(1,L18:L21,0)) | O18: =INDEX(B18:B21,MATCH(2,L18:L21,0)) | P18: =INDEX(B18:B21,MATCH(3,L18:L21,0))
A19: E | B19: CUW | C19: 2 | D19: =IF(AND(ISNUMBER(Grupos!E43),ISNUMBER(Grupos!D43)),IF(Grupos!E43>Grupos!D43,3,IF(Grupos!E43=Grupos!D43,1,0)),0)+IF(AND(ISNUMBER(Grupos!E46),ISNUMBER(Grupos!D46)),IF(Grupos!E46>Grupos!D46,3,IF(Grupos!E46=Grupos!D46,1,0)),0)+IF(AND(ISNUMBER(Grupos!D47),ISNUMBER(Grupos!E47)),IF(Grupos!D47>Grupos!E47,3,IF(Grupos!D47=Grupos!E47,1,0)),0) | E19: =IF(AND(ISNUMBER(Grupos!E43),ISNUMBER(Grupos!D43)),Grupos!E43,0)+IF(AND(ISNUMBER(Grupos!E46),ISNUMBER(Grupos!D46)),Grupos!E46,0)+IF(AND(ISNUMBER(Grupos!D47),ISNUMBER(Grupos!E47)),Grupos!D47,0) | F19: =IF(AND(ISNUMBER(Grupos!E43),ISNUMBER(Grupos!D43)),Grupos!D43,0)+IF(AND(ISNUMBER(Grupos!E46),ISNUMBER(Grupos!D46)),Grupos!D46,0)+IF(AND(ISNUMBER(Grupos!D47),ISNUMBER(Grupos!E47)),Grupos!E47,0) | G19: =E19-F19 | H19: =IF(AND(AND(ISNUMBER(Grupos!E43),ISNUMBER(Grupos!D43)),D18=D19),IF(Grupos!E43>Grupos!D43,3,IF(Grupos!E43=Grupos!D43,1,0)),0)+IF(AND(AND(ISNUMBER(Grupos!E46),ISNUMBER(Grupos!D46)),D21=D19),IF(Grupos!E46>Grupos!D46,3,IF(Grupos!E46=Grupos!D46,1,0)),0)+IF(AND(AND(ISNUMBER(Grupos!D47),ISNUMBER(Grupos!E47)),D20=D19),IF(Grupos!D47>Grupos!E47,3,IF(Grupos!D47=Grupos!E47,1,0)),0) | I19: =IF(AND(AND(ISNUMBER(Grupos!E43),ISNUMBER(Grupos!D43)),D18=D19),Grupos!E43-Grupos!D43,0)+IF(AND(AND(ISNUMBER(Grupos!E46),ISNUMBER(Grupos!D46)),D21=D19),Grupos!E46-Grupos!D46,0)+IF(AND(AND(ISNUMBER(Grupos!D47),ISNUMBER(Grupos!E47)),D20=D19),Grupos!D47-Grupos!E47,0) | J19: =IF(AND(AND(ISNUMBER(Grupos!E43),ISNUMBER(Grupos!D43)),D18=D19),Grupos!E43,0)+IF(AND(AND(ISNUMBER(Grupos!E46),ISNUMBER(Grupos!D46)),D21=D19),Grupos!E46,0)+IF(AND(AND(ISNUMBER(Grupos!D47),ISNUMBER(Grupos!E47)),D20=D19),Grupos!D47,0) | K19: =D19*100000000000+H19*1000000000+(I19+50)*10000000+J19*100000+(G19+50)*1000+E19*10+(4-C19) | L19: =RANK(K19,K18:K21,0)
A20: E | B20: CIV | C20: 3 | D20: =IF(AND(ISNUMBER(Grupos!D44),ISNUMBER(Grupos!E44)),IF(Grupos!D44>Grupos!E44,3,IF(Grupos!D44=Grupos!E44,1,0)),0)+IF(AND(ISNUMBER(Grupos!E45),ISNUMBER(Grupos!D45)),IF(Grupos!E45>Grupos!D45,3,IF(Grupos!E45=Grupos!D45,1,0)),0)+IF(AND(ISNUMBER(Grupos!E47),ISNUMBER(Grupos!D47)),IF(Grupos!E47>Grupos!D47,3,IF(Grupos!E47=Grupos!D47,1,0)),0) | E20: =IF(AND(ISNUMBER(Grupos!D44),ISNUMBER(Grupos!E44)),Grupos!D44,0)+IF(AND(ISNUMBER(Grupos!E45),ISNUMBER(Grupos!D45)),Grupos!E45,0)+IF(AND(ISNUMBER(Grupos!E47),ISNUMBER(Grupos!D47)),Grupos!E47,0) | F20: =IF(AND(ISNUMBER(Grupos!D44),ISNUMBER(Grupos!E44)),Grupos!E44,0)+IF(AND(ISNUMBER(Grupos!E45),ISNUMBER(Grupos!D45)),Grupos!D45,0)+IF(AND(ISNUMBER(Grupos!E47),ISNUMBER(Grupos!D47)),Grupos!D47,0) | G20: =E20-F20 | H20: =IF(AND(AND(ISNUMBER(Grupos!D44),ISNUMBER(Grupos!E44)),D21=D20),IF(Grupos!D44>Grupos!E44,3,IF(Grupos!D44=Grupos!E44,1,0)),0)+IF(AND(AND(ISNUMBER(Grupos!E45),ISNUMBER(Grupos!D45)),D18=D20),IF(Grupos!E45>Grupos!D45,3,IF(Grupos!E45=Grupos!D45,1,0)),0)+IF(AND(AND(ISNUMBER(Grupos!E47),ISNUMBER(Grupos!D47)),D19=D20),IF(Grupos!E47>Grupos!D47,3,IF(Grupos!E47=Grupos!D47,1,0)),0) | I20: =IF(AND(AND(ISNUMBER(Grupos!D44),ISNUMBER(Grupos!E44)),D21=D20),Grupos!D44-Grupos!E44,0)+IF(AND(AND(ISNUMBER(Grupos!E45),ISNUMBER(Grupos!D45)),D18=D20),Grupos!E45-Grupos!D45,0)+IF(AND(AND(ISNUMBER(Grupos!E47),ISNUMBER(Grupos!D47)),D19=D20),Grupos!E47-Grupos!D47,0) | J20: =IF(AND(AND(ISNUMBER(Grupos!D44),ISNUMBER(Grupos!E44)),D21=D20),Grupos!D44,0)+IF(AND(AND(ISNUMBER(Grupos!E45),ISNUMBER(Grupos!D45)),D18=D20),Grupos!E45,0)+IF(AND(AND(ISNUMBER(Grupos!E47),ISNUMBER(Grupos!D47)),D19=D20),Grupos!E47,0) | K20: =D20*100000000000+H20*1000000000+(I20+50)*10000000+J20*100000+(G20+50)*1000+E20*10+(4-C20) | L20: =RANK(K20,K18:K21,0)
A21: E | B21: ECU | C21: 4 | D21: =IF(AND(ISNUMBER(Grupos!E44),ISNUMBER(Grupos!D44)),IF(Grupos!E44>Grupos!D44,3,IF(Grupos!E44=Grupos!D44,1,0)),0)+IF(AND(ISNUMBER(Grupos!D46),ISNUMBER(Grupos!E46)),IF(Grupos!D46>Grupos!E46,3,IF(Grupos!D46=Grupos!E46,1,0)),0)+IF(AND(ISNUMBER(Grupos!D48),ISNUMBER(Grupos!E48)),IF(Grupos!D48>Grupos!E48,3,IF(Grupos!D48=Grupos!E48,1,0)),0) | E21: =IF(AND(ISNUMBER(Grupos!E44),ISNUMBER(Grupos!D44)),Grupos!E44,0)+IF(AND(ISNUMBER(Grupos!D46),ISNUMBER(Grupos!E46)),Grupos!D46,0)+IF(AND(ISNUMBER(Grupos!D48),ISNUMBER(Grupos!E48)),Grupos!D48,0) | F21: =IF(AND(ISNUMBER(Grupos!E44),ISNUMBER(Grupos!D44)),Grupos!D44,0)+IF(AND(ISNUMBER(Grupos!D46),ISNUMBER(Grupos!E46)),Grupos!E46,0)+IF(AND(ISNUMBER(Grupos!D48),ISNUMBER(Grupos!E48)),Grupos!E48,0) | G21: =E21-F21 | H21: =IF(AND(AND(ISNUMBER(Grupos!E44),ISNUMBER(Grupos!D44)),D20=D21),IF(Grupos!E44>Grupos!D44,3,IF(Grupos!E44=Grupos!D44,1,0)),0)+IF(AND(AND(ISNUMBER(Grupos!D46),ISNUMBER(Grupos!E46)),D19=D21),IF(Grupos!D46>Grupos!E46,3,IF(Grupos!D46=Grupos!E46,1,0)),0)+IF(AND(AND(ISNUMBER(Grupos!D48),ISNUMBER(Grupos!E48)),D18=D21),IF(Grupos!D48>Grupos!E48,3,IF(Grupos!D48=Grupos!E48,1,0)),0) | I21: =IF(AND(AND(ISNUMBER(Grupos!E44),ISNUMBER(Grupos!D44)),D20=D21),Grupos!E44-Grupos!D44,0)+IF(AND(AND(ISNUMBER(Grupos!D46),ISNUMBER(Grupos!E46)),D19=D21),Grupos!D46-Grupos!E46,0)+IF(AND(AND(ISNUMBER(Grupos!D48),ISNUMBER(Grupos!E48)),D18=D21),Grupos!D48-Grupos!E48,0) | J21: =IF(AND(AND(ISNUMBER(Grupos!E44),ISNUMBER(Grupos!D44)),D20=D21),Grupos!E44,0)+IF(AND(AND(ISNUMBER(Grupos!D46),ISNUMBER(Grupos!E46)),D19=D21),Grupos!D46,0)+IF(AND(AND(ISNUMBER(Grupos!D48),ISNUMBER(Grupos!E48)),D18=D21),Grupos!D48,0) | K21: =D21*100000000000+H21*1000000000+(I21+50)*10000000+J21*100000+(G21+50)*1000+E21*10+(4-C21) | L21: =RANK(K21,K18:K21,0)
A22: F | B22: NED | C22: 1 | D22: =IF(AND(ISNUMBER(Grupos!D52),ISNUMBER(Grupos!E52)),IF(Grupos!D52>Grupos!E52,3,IF(Grupos!D52=Grupos!E52,1,0)),0)+IF(AND(ISNUMBER(Grupos!D54),ISNUMBER(Grupos!E54)),IF(Grupos!D54>Grupos!E54,3,IF(Grupos!D54=Grupos!E54,1,0)),0)+IF(AND(ISNUMBER(Grupos!E57),ISNUMBER(Grupos!D57)),IF(Grupos!E57>Grupos!D57,3,IF(Grupos!E57=Grupos!D57,1,0)),0) | E22: =IF(AND(ISNUMBER(Grupos!D52),ISNUMBER(Grupos!E52)),Grupos!D52,0)+IF(AND(ISNUMBER(Grupos!D54),ISNUMBER(Grupos!E54)),Grupos!D54,0)+IF(AND(ISNUMBER(Grupos!E57),ISNUMBER(Grupos!D57)),Grupos!E57,0) | F22: =IF(AND(ISNUMBER(Grupos!D52),ISNUMBER(Grupos!E52)),Grupos!E52,0)+IF(AND(ISNUMBER(Grupos!D54),ISNUMBER(Grupos!E54)),Grupos!E54,0)+IF(AND(ISNUMBER(Grupos!E57),ISNUMBER(Grupos!D57)),Grupos!D57,0) | G22: =E22-F22 | H22: =IF(AND(AND(ISNUMBER(Grupos!D52),ISNUMBER(Grupos!E52)),D23=D22),IF(Grupos!D52>Grupos!E52,3,IF(Grupos!D52=Grupos!E52,1,0)),0)+IF(AND(AND(ISNUMBER(Grupos!D54),ISNUMBER(Grupos!E54)),D24=D22),IF(Grupos!D54>Grupos!E54,3,IF(Grupos!D54=Grupos!E54,1,0)),0)+IF(AND(AND(ISNUMBER(Grupos!E57),ISNUMBER(Grupos!D57)),D25=D22),IF(Grupos!E57>Grupos!D57,3,IF(Grupos!E57=Grupos!D57,1,0)),0) | I22: =IF(AND(AND(ISNUMBER(Grupos!D52),ISNUMBER(Grupos!E52)),D23=D22),Grupos!D52-Grupos!E52,0)+IF(AND(AND(ISNUMBER(Grupos!D54),ISNUMBER(Grupos!E54)),D24=D22),Grupos!D54-Grupos!E54,0)+IF(AND(AND(ISNUMBER(Grupos!E57),ISNUMBER(Grupos!D57)),D25=D22),Grupos!E57-Grupos!D57,0) | J22: =IF(AND(AND(ISNUMBER(Grupos!D52),ISNUMBER(Grupos!E52)),D23=D22),Grupos!D52,0)+IF(AND(AND(ISNUMBER(Grupos!D54),ISNUMBER(Grupos!E54)),D24=D22),Grupos!D54,0)+IF(AND(AND(ISNUMBER(Grupos!E57),ISNUMBER(Grupos!D57)),D25=D22),Grupos!E57,0) | K22: =D22*100000000000+H22*1000000000+(I22+50)*10000000+J22*100000+(G22+50)*1000+E22*10+(4-C22) | L22: =RANK(K22,K22:K25,0) | N22: =INDEX(B22:B25,MATCH(1,L22:L25,0)) | O22: =INDEX(B22:B25,MATCH(2,L22:L25,0)) | P22: =INDEX(B22:B25,MATCH(3,L22:L25,0))
A23: F | B23: JPN | C23: 2 | D23: =IF(AND(ISNUMBER(Grupos!E52),ISNUMBER(Grupos!D52)),IF(Grupos!E52>Grupos!D52,3,IF(Grupos!E52=Grupos!D52,1,0)),0)+IF(AND(ISNUMBER(Grupos!E55),ISNUMBER(Grupos!D55)),IF(Grupos!E55>Grupos!D55,3,IF(Grupos!E55=Grupos!D55,1,0)),0)+IF(AND(ISNUMBER(Grupos!D56),ISNUMBER(Grupos!E56)),IF(Grupos!D56>Grupos!E56,3,IF(Grupos!D56=Grupos!E56,1,0)),0) | E23: =IF(AND(ISNUMBER(Grupos!E52),ISNUMBER(Grupos!D52)),Grupos!E52,0)+IF(AND(ISNUMBER(Grupos!E55),ISNUMBER(Grupos!D55)),Grupos!E55,0)+IF(AND(ISNUMBER(Grupos!D56),ISNUMBER(Grupos!E56)),Grupos!D56,0) | F23: =IF(AND(ISNUMBER(Grupos!E52),ISNUMBER(Grupos!D52)),Grupos!D52,0)+IF(AND(ISNUMBER(Grupos!E55),ISNUMBER(Grupos!D55)),Grupos!D55,0)+IF(AND(ISNUMBER(Grupos!D56),ISNUMBER(Grupos!E56)),Grupos!E56,0) | G23: =E23-F23 | H23: =IF(AND(AND(ISNUMBER(Grupos!E52),ISNUMBER(Grupos!D52)),D22=D23),IF(Grupos!E52>Grupos!D52,3,IF(Grupos!E52=Grupos!D52,1,0)),0)+IF(AND(AND(ISNUMBER(Grupos!E55),ISNUMBER(Grupos!D55)),D25=D23),IF(Grupos!E55>Grupos!D55,3,IF(Grupos!E55=Grupos!D55,1,0)),0)+IF(AND(AND(ISNUMBER(Grupos!D56),ISNUMBER(Grupos!E56)),D24=D23),IF(Grupos!D56>Grupos!E56,3,IF(Grupos!D56=Grupos!E56,1,0)),0) | I23: =IF(AND(AND(ISNUMBER(Grupos!E52),ISNUMBER(Grupos!D52)),D22=D23),Grupos!E52-Grupos!D52,0)+IF(AND(AND(ISNUMBER(Grupos!E55),ISNUMBER(Grupos!D55)),D25=D23),Grupos!E55-Grupos!D55,0)+IF(AND(AND(ISNUMBER(Grupos!D56),ISNUMBER(Grupos!E56)),D24=D23),Grupos!D56-Grupos!E56,0) | J23: =IF(AND(AND(ISNUMBER(Grupos!E52),ISNUMBER(Grupos!D52)),D22=D23),Grupos!E52,0)+IF(AND(AND(ISNUMBER(Grupos!E55),ISNUMBER(Grupos!D55)),D25=D23),Grupos!E55,0)+IF(AND(AND(ISNUMBER(Grupos!D56),ISNUMBER(Grupos!E56)),D24=D23),Grupos!D56,0) | K23: =D23*100000000000+H23*1000000000+(I23+50)*10000000+J23*100000+(G23+50)*1000+E23*10+(4-C23) | L23: =RANK(K23,K22:K25,0)
A24: F | B24: SWE | C24: 3 | D24: =IF(AND(ISNUMBER(Grupos!D53),ISNUMBER(Grupos!E53)),IF(Grupos!D53>Grupos!E53,3,IF(Grupos!D53=Grupos!E53,1,0)),0)+IF(AND(ISNUMBER(Grupos!E54),ISNUMBER(Grupos!D54)),IF(Grupos!E54>Grupos!D54,3,IF(Grupos!E54=Grupos!D54,1,0)),0)+IF(AND(ISNUMBER(Grupos!E56),ISNUMBER(Grupos!D56)),IF(Grupos!E56>Grupos!D56,3,IF(Grupos!E56=Grupos!D56,1,0)),0) | E24: =IF(AND(ISNUMBER(Grupos!D53),ISNUMBER(Grupos!E53)),Grupos!D53,0)+IF(AND(ISNUMBER(Grupos!E54),ISNUMBER(Grupos!D54)),Grupos!E54,0)+IF(AND(ISNUMBER(Grupos!E56),ISNUMBER(Grupos!D56)),Grupos!E56,0) | F24: =IF(AND(ISNUMBER(Grupos!D53),ISNUMBER(Grupos!E53)),Grupos!E53,0)+IF(AND(ISNUMBER(Grupos!E54),ISNUMBER(Grupos!D54)),Grupos!D54,0)+IF(AND(ISNUMBER(Grupos!E56),ISNUMBER(Grupos!D56)),Grupos!D56,0) | G24: =E24-F24 | H24: =IF(AND(AND(ISNUMBER(Grupos!D53),ISNUMBER(Grupos!E53)),D25=D24),IF(Grupos!D53>Grupos!E53,3,IF(Grupos!D53=Grupos!E53,1,0)),0)+IF(AND(AND(ISNUMBER(Grupos!E54),ISNUMBER(Grupos!D54)),D22=D24),IF(Grupos!E54>Grupos!D54,3,IF(Grupos!E54=Grupos!D54,1,0)),0)+IF(AND(AND(ISNUMBER(Grupos!E56),ISNUMBER(Grupos!D56)),D23=D24),IF(Grupos!E56>Grupos!D56,3,IF(Grupos!E56=Grupos!D56,1,0)),0) | I24: =IF(AND(AND(ISNUMBER(Grupos!D53),ISNUMBER(Grupos!E53)),D25=D24),Grupos!D53-Grupos!E53,0)+IF(AND(AND(ISNUMBER(Grupos!E54),ISNUMBER(Grupos!D54)),D22=D24),Grupos!E54-Grupos!D54,0)+IF(AND(AND(ISNUMBER(Grupos!E56),ISNUMBER(Grupos!D56)),D23=D24),Grupos!E56-Grupos!D56,0) | J24: =IF(AND(AND(ISNUMBER(Grupos!D53),ISNUMBER(Grupos!E53)),D25=D24),Grupos!D53,0)+IF(AND(AND(ISNUMBER(Grupos!E54),ISNUMBER(Grupos!D54)),D22=D24),Grupos!E54,0)+IF(AND(AND(ISNUMBER(Grupos!E56),ISNUMBER(Grupos!D56)),D23=D24),Grupos!E56,0) | K24: =D24*100000000000+H24*1000000000+(I24+50)*10000000+J24*100000+(G24+50)*1000+E24*10+(4-C24) | L24: =RANK(K24,K22:K25,0)
A25: F | B25: TUN | C25: 4 | D25: =IF(AND(ISNUMBER(Grupos!E53),ISNUMBER(Grupos!D53)),IF(Grupos!E53>Grupos!D53,3,IF(Grupos!E53=Grupos!D53,1,0)),0)+IF(AND(ISNUMBER(Grupos!D55),ISNUMBER(Grupos!E55)),IF(Grupos!D55>Grupos!E55,3,IF(Grupos!D55=Grupos!E55,1,0)),0)+IF(AND(ISNUMBER(Grupos!D57),ISNUMBER(Grupos!E57)),IF(Grupos!D57>Grupos!E57,3,IF(Grupos!D57=Grupos!E57,1,0)),0) | E25: =IF(AND(ISNUMBER(Grupos!E53),ISNUMBER(Grupos!D53)),Grupos!E53,0)+IF(AND(ISNUMBER(Grupos!D55),ISNUMBER(Grupos!E55)),Grupos!D55,0)+IF(AND(ISNUMBER(Grupos!D57),ISNUMBER(Grupos!E57)),Grupos!D57,0) | F25: =IF(AND(ISNUMBER(Grupos!E53),ISNUMBER(Grupos!D53)),Grupos!D53,0)+IF(AND(ISNUMBER(Grupos!D55),ISNUMBER(Grupos!E55)),Grupos!E55,0)+IF(AND(ISNUMBER(Grupos!D57),ISNUMBER(Grupos!E57)),Grupos!E57,0) | G25: =E25-F25 | H25: =IF(AND(AND(ISNUMBER(Grupos!E53),ISNUMBER(Grupos!D53)),D24=D25),IF(Grupos!E53>Grupos!D53,3,IF(Grupos!E53=Grupos!D53,1,0)),0)+IF(AND(AND(ISNUMBER(Grupos!D55),ISNUMBER(Grupos!E55)),D23=D25),IF(Grupos!D55>Grupos!E55,3,IF(Grupos!D55=Grupos!E55,1,0)),0)+IF(AND(AND(ISNUMBER(Grupos!D57),ISNUMBER(Grupos!E57)),D22=D25),IF(Grupos!D57>Grupos!E57,3,IF(Grupos!D57=Grupos!E57,1,0)),0) | I25: =IF(AND(AND(ISNUMBER(Grupos!E53),ISNUMBER(Grupos!D53)),D24=D25),Grupos!E53-Grupos!D53,0)+IF(AND(AND(ISNUMBER(Grupos!D55),ISNUMBER(Grupos!E55)),D23=D25),Grupos!D55-Grupos!E55,0)+IF(AND(AND(ISNUMBER(Grupos!D57),ISNUMBER(Grupos!E57)),D22=D25),Grupos!D57-Grupos!E57,0) | J25: =IF(AND(AND(ISNUMBER(Grupos!E53),ISNUMBER(Grupos!D53)),D24=D25),Grupos!E53,0)+IF(AND(AND(ISNUMBER(Grupos!D55),ISNUMBER(Grupos!E55)),D23=D25),Grupos!D55,0)+IF(AND(AND(ISNUMBER(Grupos!D57),ISNUMBER(Grupos!E57)),D22=D25),Grupos!D57,0) | K25: =D25*100000000000+H25*1000000000+(I25+50)*10000000+J25*100000+(G25+50)*1000+E25*10+(4-C25) | L25: =RANK(K25,K22:K25,0)
A26: G | B26: BEL | C26: 1 | D26: =IF(AND(ISNUMBER(Grupos!D61),ISNUMBER(Grupos!E61)),IF(Grupos!D61>Grupos!E61,3,IF(Grupos!D61=Grupos!E61,1,0)),0)+IF(AND(ISNUMBER(Grupos!D63),ISNUMBER(Grupos!E63)),IF(Grupos!D63>Grupos!E63,3,IF(Grupos!D63=Grupos!E63,1,0)),0)+IF(AND(ISNUMBER(Grupos!E66),ISNUMBER(Grupos!D66)),IF(Grupos!E66>Grupos!D66,3,IF(Grupos!E66=Grupos!D66,1,0)),0) | E26: =IF(AND(ISNUMBER(Grupos!D61),ISNUMBER(Grupos!E61)),Grupos!D61,0)+IF(AND(ISNUMBER(Grupos!D63),ISNUMBER(Grupos!E63)),Grupos!D63,0)+IF(AND(ISNUMBER(Grupos!E66),ISNUMBER(Grupos!D66)),Grupos!E66,0) | F26: =IF(AND(ISNUMBER(Grupos!D61),ISNUMBER(Grupos!E61)),Grupos!E61,0)+IF(AND(ISNUMBER(Grupos!D63),ISNUMBER(Grupos!E63)),Grupos!E63,0)+IF(AND(ISNUMBER(Grupos!E66),ISNUMBER(Grupos!D66)),Grupos!D66,0) | G26: =E26-F26 | H26: =IF(AND(AND(ISNUMBER(Grupos!D61),ISNUMBER(Grupos!E61)),D27=D26),IF(Grupos!D61>Grupos!E61,3,IF(Grupos!D61=Grupos!E61,1,0)),0)+IF(AND(AND(ISNUMBER(Grupos!D63),ISNUMBER(Grupos!E63)),D28=D26),IF(Grupos!D63>Grupos!E63,3,IF(Grupos!D63=Grupos!E63,1,0)),0)+IF(AND(AND(ISNUMBER(Grupos!E66),ISNUMBER(Grupos!D66)),D29=D26),IF(Grupos!E66>Grupos!D66,3,IF(Grupos!E66=Grupos!D66,1,0)),0) | I26: =IF(AND(AND(ISNUMBER(Grupos!D61),ISNUMBER(Grupos!E61)),D27=D26),Grupos!D61-Grupos!E61,0)+IF(AND(AND(ISNUMBER(Grupos!D63),ISNUMBER(Grupos!E63)),D28=D26),Grupos!D63-Grupos!E63,0)+IF(AND(AND(ISNUMBER(Grupos!E66),ISNUMBER(Grupos!D66)),D29=D26),Grupos!E66-Grupos!D66,0) | J26: =IF(AND(AND(ISNUMBER(Grupos!D61),ISNUMBER(Grupos!E61)),D27=D26),Grupos!D61,0)+IF(AND(AND(ISNUMBER(Grupos!D63),ISNUMBER(Grupos!E63)),D28=D26),Grupos!D63,0)+IF(AND(AND(ISNUMBER(Grupos!E66),ISNUMBER(Grupos!D66)),D29=D26),Grupos!E66,0) | K26: =D26*100000000000+H26*1000000000+(I26+50)*10000000+J26*100000+(G26+50)*1000+E26*10+(4-C26) | L26: =RANK(K26,K26:K29,0) | N26: =INDEX(B26:B29,MATCH(1,L26:L29,0)) | O26: =INDEX(B26:B29,MATCH(2,L26:L29,0)) | P26: =INDEX(B26:B29,MATCH(3,L26:L29,0))
A27: G | B27: EGY | C27: 2 | D27: =IF(AND(ISNUMBER(Grupos!E61),ISNUMBER(Grupos!D61)),IF(Grupos!E61>Grupos!D61,3,IF(Grupos!E61=Grupos!D61,1,0)),0)+IF(AND(ISNUMBER(Grupos!E64),ISNUMBER(Grupos!D64)),IF(Grupos!E64>Grupos!D64,3,IF(Grupos!E64=Grupos!D64,1,0)),0)+IF(AND(ISNUMBER(Grupos!D65),ISNUMBER(Grupos!E65)),IF(Grupos!D65>Grupos!E65,3,IF(Grupos!D65=Grupos!E65,1,0)),0) | E27: =IF(AND(ISNUMBER(Grupos!E61),ISNUMBER(Grupos!D61)),Grupos!E61,0)+IF(AND(ISNUMBER(Grupos!E64),ISNUMBER(Grupos!D64)),Grupos!E64,0)+IF(AND(ISNUMBER(Grupos!D65),ISNUMBER(Grupos!E65)),Grupos!D65,0) | F27: =IF(AND(ISNUMBER(Grupos!E61),ISNUMBER(Grupos!D61)),Grupos!D61,0)+IF(AND(ISNUMBER(Grupos!E64),ISNUMBER(Grupos!D64)),Grupos!D64,0)+IF(AND(ISNUMBER(Grupos!D65),ISNUMBER(Grupos!E65)),Grupos!E65,0) | G27: =E27-F27 | H27: =IF(AND(AND(ISNUMBER(Grupos!E61),ISNUMBER(Grupos!D61)),D26=D27),IF(Grupos!E61>Grupos!D61,3,IF(Grupos!E61=Grupos!D61,1,0)),0)+IF(AND(AND(ISNUMBER(Grupos!E64),ISNUMBER(Grupos!D64)),D29=D27),IF(Grupos!E64>Grupos!D64,3,IF(Grupos!E64=Grupos!D64,1,0)),0)+IF(AND(AND(ISNUMBER(Grupos!D65),ISNUMBER(Grupos!E65)),D28=D27),IF(Grupos!D65>Grupos!E65,3,IF(Grupos!D65=Grupos!E65,1,0)),0) | I27: =IF(AND(AND(ISNUMBER(Grupos!E61),ISNUMBER(Grupos!D61)),D26=D27),Grupos!E61-Grupos!D61,0)+IF(AND(AND(ISNUMBER(Grupos!E64),ISNUMBER(Grupos!D64)),D29=D27),Grupos!E64-Grupos!D64,0)+IF(AND(AND(ISNUMBER(Grupos!D65),ISNUMBER(Grupos!E65)),D28=D27),Grupos!D65-Grupos!E65,0) | J27: =IF(AND(AND(ISNUMBER(Grupos!E61),ISNUMBER(Grupos!D61)),D26=D27),Grupos!E61,0)+IF(AND(AND(ISNUMBER(Grupos!E64),ISNUMBER(Grupos!D64)),D29=D27),Grupos!E64,0)+IF(AND(AND(ISNUMBER(Grupos!D65),ISNUMBER(Grupos!E65)),D28=D27),Grupos!D65,0) | K27: =D27*100000000000+H27*1000000000+(I27+50)*10000000+J27*100000+(G27+50)*1000+E27*10+(4-C27) | L27: =RANK(K27,K26:K29,0)
A28: G | B28: IRN | C28: 3 | D28: =IF(AND(ISNUMBER(Grupos!D62),ISNUMBER(Grupos!E62)),IF(Grupos!D62>Grupos!E62,3,IF(Grupos!D62=Grupos!E62,1,0)),0)+IF(AND(ISNUMBER(Grupos!E63),ISNUMBER(Grupos!D63)),IF(Grupos!E63>Grupos!D63,3,IF(Grupos!E63=Grupos!D63,1,0)),0)+IF(AND(ISNUMBER(Grupos!E65),ISNUMBER(Grupos!D65)),IF(Grupos!E65>Grupos!D65,3,IF(Grupos!E65=Grupos!D65,1,0)),0) | E28: =IF(AND(ISNUMBER(Grupos!D62),ISNUMBER(Grupos!E62)),Grupos!D62,0)+IF(AND(ISNUMBER(Grupos!E63),ISNUMBER(Grupos!D63)),Grupos!E63,0)+IF(AND(ISNUMBER(Grupos!E65),ISNUMBER(Grupos!D65)),Grupos!E65,0) | F28: =IF(AND(ISNUMBER(Grupos!D62),ISNUMBER(Grupos!E62)),Grupos!E62,0)+IF(AND(ISNUMBER(Grupos!E63),ISNUMBER(Grupos!D63)),Grupos!D63,0)+IF(AND(ISNUMBER(Grupos!E65),ISNUMBER(Grupos!D65)),Grupos!D65,0) | G28: =E28-F28 | H28: =IF(AND(AND(ISNUMBER(Grupos!D62),ISNUMBER(Grupos!E62)),D29=D28),IF(Grupos!D62>Grupos!E62,3,IF(Grupos!D62=Grupos!E62,1,0)),0)+IF(AND(AND(ISNUMBER(Grupos!E63),ISNUMBER(Grupos!D63)),D26=D28),IF(Grupos!E63>Grupos!D63,3,IF(Grupos!E63=Grupos!D63,1,0)),0)+IF(AND(AND(ISNUMBER(Grupos!E65),ISNUMBER(Grupos!D65)),D27=D28),IF(Grupos!E65>Grupos!D65,3,IF(Grupos!E65=Grupos!D65,1,0)),0) | I28: =IF(AND(AND(ISNUMBER(Grupos!D62),ISNUMBER(Grupos!E62)),D29=D28),Grupos!D62-Grupos!E62,0)+IF(AND(AND(ISNUMBER(Grupos!E63),ISNUMBER(Grupos!D63)),D26=D28),Grupos!E63-Grupos!D63,0)+IF(AND(AND(ISNUMBER(Grupos!E65),ISNUMBER(Grupos!D65)),D27=D28),Grupos!E65-Grupos!D65,0) | J28: =IF(AND(AND(ISNUMBER(Grupos!D62),ISNUMBER(Grupos!E62)),D29=D28),Grupos!D62,0)+IF(AND(AND(ISNUMBER(Grupos!E63),ISNUMBER(Grupos!D63)),D26=D28),Grupos!E63,0)+IF(AND(AND(ISNUMBER(Grupos!E65),ISNUMBER(Grupos!D65)),D27=D28),Grupos!E65,0) | K28: =D28*100000000000+H28*1000000000+(I28+50)*10000000+J28*100000+(G28+50)*1000+E28*10+(4-C28) | L28: =RANK(K28,K26:K29,0)
A29: G | B29: NZL | C29: 4 | D29: =IF(AND(ISNUMBER(Grupos!E62),ISNUMBER(Grupos!D62)),IF(Grupos!E62>Grupos!D62,3,IF(Grupos!E62=Grupos!D62,1,0)),0)+IF(AND(ISNUMBER(Grupos!D64),ISNUMBER(Grupos!E64)),IF(Grupos!D64>Grupos!E64,3,IF(Grupos!D64=Grupos!E64,1,0)),0)+IF(AND(ISNUMBER(Grupos!D66),ISNUMBER(Grupos!E66)),IF(Grupos!D66>Grupos!E66,3,IF(Grupos!D66=Grupos!E66,1,0)),0) | E29: =IF(AND(ISNUMBER(Grupos!E62),ISNUMBER(Grupos!D62)),Grupos!E62,0)+IF(AND(ISNUMBER(Grupos!D64),ISNUMBER(Grupos!E64)),Grupos!D64,0)+IF(AND(ISNUMBER(Grupos!D66),ISNUMBER(Grupos!E66)),Grupos!D66,0) | F29: =IF(AND(ISNUMBER(Grupos!E62),ISNUMBER(Grupos!D62)),Grupos!D62,0)+IF(AND(ISNUMBER(Grupos!D64),ISNUMBER(Grupos!E64)),Grupos!E64,0)+IF(AND(ISNUMBER(Grupos!D66),ISNUMBER(Grupos!E66)),Grupos!E66,0) | G29: =E29-F29 | H29: =IF(AND(AND(ISNUMBER(Grupos!E62),ISNUMBER(Grupos!D62)),D28=D29),IF(Grupos!E62>Grupos!D62,3,IF(Grupos!E62=Grupos!D62,1,0)),0)+IF(AND(AND(ISNUMBER(Grupos!D64),ISNUMBER(Grupos!E64)),D27=D29),IF(Grupos!D64>Grupos!E64,3,IF(Grupos!D64=Grupos!E64,1,0)),0)+IF(AND(AND(ISNUMBER(Grupos!D66),ISNUMBER(Grupos!E66)),D26=D29),IF(Grupos!D66>Grupos!E66,3,IF(Grupos!D66=Grupos!E66,1,0)),0) | I29: =IF(AND(AND(ISNUMBER(Grupos!E62),ISNUMBER(Grupos!D62)),D28=D29),Grupos!E62-Grupos!D62,0)+IF(AND(AND(ISNUMBER(Grupos!D64),ISNUMBER(Grupos!E64)),D27=D29),Grupos!D64-Grupos!E64,0)+IF(AND(AND(ISNUMBER(Grupos!D66),ISNUMBER(Grupos!E66)),D26=D29),Grupos!D66-Grupos!E66,0) | J29: =IF(AND(AND(ISNUMBER(Grupos!E62),ISNUMBER(Grupos!D62)),D28=D29),Grupos!E62,0)+IF(AND(AND(ISNUMBER(Grupos!D64),ISNUMBER(Grupos!E64)),D27=D29),Grupos!D64,0)+IF(AND(AND(ISNUMBER(Grupos!D66),ISNUMBER(Grupos!E66)),D26=D29),Grupos!D66,0) | K29: =D29*100000000000+H29*1000000000+(I29+50)*10000000+J29*100000+(G29+50)*1000+E29*10+(4-C29) | L29: =RANK(K29,K26:K29,0)
A30: H | B30: ESP | C30: 1 | D30: =IF(AND(ISNUMBER(Grupos!D70),ISNUMBER(Grupos!E70)),IF(Grupos!D70>Grupos!E70,3,IF(Grupos!D70=Grupos!E70,1,0)),0)+IF(AND(ISNUMBER(Grupos!D72),ISNUMBER(Grupos!E72)),IF(Grupos!D72>Grupos!E72,3,IF(Grupos!D72=Grupos!E72,1,0)),0)+IF(AND(ISNUMBER(Grupos!E75),ISNUMBER(Grupos!D75)),IF(Grupos!E75>Grupos!D75,3,IF(Grupos!E75=Grupos!D75,1,0)),0) | E30: =IF(AND(ISNUMBER(Grupos!D70),ISNUMBER(Grupos!E70)),Grupos!D70,0)+IF(AND(ISNUMBER(Grupos!D72),ISNUMBER(Grupos!E72)),Grupos!D72,0)+IF(AND(ISNUMBER(Grupos!E75),ISNUMBER(Grupos!D75)),Grupos!E75,0) | F30: =IF(AND(ISNUMBER(Grupos!D70),ISNUMBER(Grupos!E70)),Grupos!E70,0)+IF(AND(ISNUMBER(Grupos!D72),ISNUMBER(Grupos!E72)),Grupos!E72,0)+IF(AND(ISNUMBER(Grupos!E75),ISNUMBER(Grupos!D75)),Grupos!D75,0) | G30: =E30-F30 | H30: =IF(AND(AND(ISNUMBER(Grupos!D70),ISNUMBER(Grupos!E70)),D31=D30),IF(Grupos!D70>Grupos!E70,3,IF(Grupos!D70=Grupos!E70,1,0)),0)+IF(AND(AND(ISNUMBER(Grupos!D72),ISNUMBER(Grupos!E72)),D32=D30),IF(Grupos!D72>Grupos!E72,3,IF(Grupos!D72=Grupos!E72,1,0)),0)+IF(AND(AND(ISNUMBER(Grupos!E75),ISNUMBER(Grupos!D75)),D33=D30),IF(Grupos!E75>Grupos!D75,3,IF(Grupos!E75=Grupos!D75,1,0)),0) | I30: =IF(AND(AND(ISNUMBER(Grupos!D70),ISNUMBER(Grupos!E70)),D31=D30),Grupos!D70-Grupos!E70,0)+IF(AND(AND(ISNUMBER(Grupos!D72),ISNUMBER(Grupos!E72)),D32=D30),Grupos!D72-Grupos!E72,0)+IF(AND(AND(ISNUMBER(Grupos!E75),ISNUMBER(Grupos!D75)),D33=D30),Grupos!E75-Grupos!D75,0) | J30: =IF(AND(AND(ISNUMBER(Grupos!D70),ISNUMBER(Grupos!E70)),D31=D30),Grupos!D70,0)+IF(AND(AND(ISNUMBER(Grupos!D72),ISNUMBER(Grupos!E72)),D32=D30),Grupos!D72,0)+IF(AND(AND(ISNUMBER(Grupos!E75),ISNUMBER(Grupos!D75)),D33=D30),Grupos!E75,0) | K30: =D30*100000000000+H30*1000000000+(I30+50)*10000000+J30*100000+(G30+50)*1000+E30*10+(4-C30) | L30: =RANK(K30,K30:K33,0) | N30: =INDEX(B30:B33,MATCH(1,L30:L33,0)) | O30: =INDEX(B30:B33,MATCH(2,L30:L33,0)) | P30: =INDEX(B30:B33,MATCH(3,L30:L33,0))
A31: H | B31: CPV | C31: 2 | D31: =IF(AND(ISNUMBER(Grupos!E70),ISNUMBER(Grupos!D70)),IF(Grupos!E70>Grupos!D70,3,IF(Grupos!E70=Grupos!D70,1,0)),0)+IF(AND(ISNUMBER(Grupos!E73),ISNUMBER(Grupos!D73)),IF(Grupos!E73>Grupos!D73,3,IF(Grupos!E73=Grupos!D73,1,0)),0)+IF(AND(ISNUMBER(Grupos!D74),ISNUMBER(Grupos!E74)),IF(Grupos!D74>Grupos!E74,3,IF(Grupos!D74=Grupos!E74,1,0)),0) | E31: =IF(AND(ISNUMBER(Grupos!E70),ISNUMBER(Grupos!D70)),Grupos!E70,0)+IF(AND(ISNUMBER(Grupos!E73),ISNUMBER(Grupos!D73)),Grupos!E73,0)+IF(AND(ISNUMBER(Grupos!D74),ISNUMBER(Grupos!E74)),Grupos!D74,0) | F31: =IF(AND(ISNUMBER(Grupos!E70),ISNUMBER(Grupos!D70)),Grupos!D70,0)+IF(AND(ISNUMBER(Grupos!E73),ISNUMBER(Grupos!D73)),Grupos!D73,0)+IF(AND(ISNUMBER(Grupos!D74),ISNUMBER(Grupos!E74)),Grupos!E74,0) | G31: =E31-F31 | H31: =IF(AND(AND(ISNUMBER(Grupos!E70),ISNUMBER(Grupos!D70)),D30=D31),IF(Grupos!E70>Grupos!D70,3,IF(Grupos!E70=Grupos!D70,1,0)),0)+IF(AND(AND(ISNUMBER(Grupos!E73),ISNUMBER(Grupos!D73)),D33=D31),IF(Grupos!E73>Grupos!D73,3,IF(Grupos!E73=Grupos!D73,1,0)),0)+IF(AND(AND(ISNUMBER(Grupos!D74),ISNUMBER(Grupos!E74)),D32=D31),IF(Grupos!D74>Grupos!E74,3,IF(Grupos!D74=Grupos!E74,1,0)),0) | I31: =IF(AND(AND(ISNUMBER(Grupos!E70),ISNUMBER(Grupos!D70)),D30=D31),Grupos!E70-Grupos!D70,0)+IF(AND(AND(ISNUMBER(Grupos!E73),ISNUMBER(Grupos!D73)),D33=D31),Grupos!E73-Grupos!D73,0)+IF(AND(AND(ISNUMBER(Grupos!D74),ISNUMBER(Grupos!E74)),D32=D31),Grupos!D74-Grupos!E74,0) | J31: =IF(AND(AND(ISNUMBER(Grupos!E70),ISNUMBER(Grupos!D70)),D30=D31),Grupos!E70,0)+IF(AND(AND(ISNUMBER(Grupos!E73),ISNUMBER(Grupos!D73)),D33=D31),Grupos!E73,0)+IF(AND(AND(ISNUMBER(Grupos!D74),ISNUMBER(Grupos!E74)),D32=D31),Grupos!D74,0) | K31: =D31*100000000000+H31*1000000000+(I31+50)*10000000+J31*100000+(G31+50)*1000+E31*10+(4-C31) | L31: =RANK(K31,K30:K33,0)
A32: H | B32: KSA | C32: 3 | D32: =IF(AND(ISNUMBER(Grupos!D71),ISNUMBER(Grupos!E71)),IF(Grupos!D71>Grupos!E71,3,IF(Grupos!D71=Grupos!E71,1,0)),0)+IF(AND(ISNUMBER(Grupos!E72),ISNUMBER(Grupos!D72)),IF(Grupos!E72>Grupos!D72,3,IF(Grupos!E72=Grupos!D72,1,0)),0)+IF(AND(ISNUMBER(Grupos!E74),ISNUMBER(Grupos!D74)),IF(Grupos!E74>Grupos!D74,3,IF(Grupos!E74=Grupos!D74,1,0)),0) | E32: =IF(AND(ISNUMBER(Grupos!D71),ISNUMBER(Grupos!E71)),Grupos!D71,0)+IF(AND(ISNUMBER(Grupos!E72),ISNUMBER(Grupos!D72)),Grupos!E72,0)+IF(AND(ISNUMBER(Grupos!E74),ISNUMBER(Grupos!D74)),Grupos!E74,0) | F32: =IF(AND(ISNUMBER(Grupos!D71),ISNUMBER(Grupos!E71)),Grupos!E71,0)+IF(AND(ISNUMBER(Grupos!E72),ISNUMBER(Grupos!D72)),Grupos!D72,0)+IF(AND(ISNUMBER(Grupos!E74),ISNUMBER(Grupos!D74)),Grupos!D74,0) | G32: =E32-F32 | H32: =IF(AND(AND(ISNUMBER(Grupos!D71),ISNUMBER(Grupos!E71)),D33=D32),IF(Grupos!D71>Grupos!E71,3,IF(Grupos!D71=Grupos!E71,1,0)),0)+IF(AND(AND(ISNUMBER(Grupos!E72),ISNUMBER(Grupos!D72)),D30=D32),IF(Grupos!E72>Grupos!D72,3,IF(Grupos!E72=Grupos!D72,1,0)),0)+IF(AND(AND(ISNUMBER(Grupos!E74),ISNUMBER(Grupos!D74)),D31=D32),IF(Grupos!E74>Grupos!D74,3,IF(Grupos!E74=Grupos!D74,1,0)),0) | I32: =IF(AND(AND(ISNUMBER(Grupos!D71),ISNUMBER(Grupos!E71)),D33=D32),Grupos!D71-Grupos!E71,0)+IF(AND(AND(ISNUMBER(Grupos!E72),ISNUMBER(Grupos!D72)),D30=D32),Grupos!E72-Grupos!D72,0)+IF(AND(AND(ISNUMBER(Grupos!E74),ISNUMBER(Grupos!D74)),D31=D32),Grupos!E74-Grupos!D74,0) | J32: =IF(AND(AND(ISNUMBER(Grupos!D71),ISNUMBER(Grupos!E71)),D33=D32),Grupos!D71,0)+IF(AND(AND(ISNUMBER(Grupos!E72),ISNUMBER(Grupos!D72)),D30=D32),Grupos!E72,0)+IF(AND(AND(ISNUMBER(Grupos!E74),ISNUMBER(Grupos!D74)),D31=D32),Grupos!E74,0) | K32: =D32*100000000000+H32*1000000000+(I32+50)*10000000+J32*100000+(G32+50)*1000+E32*10+(4-C32) | L32: =RANK(K32,K30:K33,0)
A33: H | B33: URU | C33: 4 | D33: =IF(AND(ISNUMBER(Grupos!E71),ISNUMBER(Grupos!D71)),IF(Grupos!E71>Grupos!D71,3,IF(Grupos!E71=Grupos!D71,1,0)),0)+IF(AND(ISNUMBER(Grupos!D73),ISNUMBER(Grupos!E73)),IF(Grupos!D73>Grupos!E73,3,IF(Grupos!D73=Grupos!E73,1,0)),0)+IF(AND(ISNUMBER(Grupos!D75),ISNUMBER(Grupos!E75)),IF(Grupos!D75>Grupos!E75,3,IF(Grupos!D75=Grupos!E75,1,0)),0) | E33: =IF(AND(ISNUMBER(Grupos!E71),ISNUMBER(Grupos!D71)),Grupos!E71,0)+IF(AND(ISNUMBER(Grupos!D73),ISNUMBER(Grupos!E73)),Grupos!D73,0)+IF(AND(ISNUMBER(Grupos!D75),ISNUMBER(Grupos!E75)),Grupos!D75,0) | F33: =IF(AND(ISNUMBER(Grupos!E71),ISNUMBER(Grupos!D71)),Grupos!D71,0)+IF(AND(ISNUMBER(Grupos!D73),ISNUMBER(Grupos!E73)),Grupos!E73,0)+IF(AND(ISNUMBER(Grupos!D75),ISNUMBER(Grupos!E75)),Grupos!E75,0) | G33: =E33-F33 | H33: =IF(AND(AND(ISNUMBER(Grupos!E71),ISNUMBER(Grupos!D71)),D32=D33),IF(Grupos!E71>Grupos!D71,3,IF(Grupos!E71=Grupos!D71,1,0)),0)+IF(AND(AND(ISNUMBER(Grupos!D73),ISNUMBER(Grupos!E73)),D31=D33),IF(Grupos!D73>Grupos!E73,3,IF(Grupos!D73=Grupos!E73,1,0)),0)+IF(AND(AND(ISNUMBER(Grupos!D75),ISNUMBER(Grupos!E75)),D30=D33),IF(Grupos!D75>Grupos!E75,3,IF(Grupos!D75=Grupos!E75,1,0)),0) | I33: =IF(AND(AND(ISNUMBER(Grupos!E71),ISNUMBER(Grupos!D71)),D32=D33),Grupos!E71-Grupos!D71,0)+IF(AND(AND(ISNUMBER(Grupos!D73),ISNUMBER(Grupos!E73)),D31=D33),Grupos!D73-Grupos!E73,0)+IF(AND(AND(ISNUMBER(Grupos!D75),ISNUMBER(Grupos!E75)),D30=D33),Grupos!D75-Grupos!E75,0) | J33: =IF(AND(AND(ISNUMBER(Grupos!E71),ISNUMBER(Grupos!D71)),D32=D33),Grupos!E71,0)+IF(AND(AND(ISNUMBER(Grupos!D73),ISNUMBER(Grupos!E73)),D31=D33),Grupos!D73,0)+IF(AND(AND(ISNUMBER(Grupos!D75),ISNUMBER(Grupos!E75)),D30=D33),Grupos!D75,0) | K33: =D33*100000000000+H33*1000000000+(I33+50)*10000000+J33*100000+(G33+50)*1000+E33*10+(4-C33) | L33: =RANK(K33,K30:K33,0)
A34: I | B34: FRA | C34: 1 | D34: =IF(AND(ISNUMBER(Grupos!D79),ISNUMBER(Grupos!E79)),IF(Grupos!D79>Grupos!E79,3,IF(Grupos!D79=Grupos!E79,1,0)),0)+IF(AND(ISNUMBER(Grupos!D81),ISNUMBER(Grupos!E81)),IF(Grupos!D81>Grupos!E81,3,IF(Grupos!D81=Grupos!E81,1,0)),0)+IF(AND(ISNUMBER(Grupos!E83),ISNUMBER(Grupos!D83)),IF(Grupos!E83>Grupos!D83,3,IF(Grupos!E83=Grupos!D83,1,0)),0) | E34: =IF(AND(ISNUMBER(Grupos!D79),ISNUMBER(Grupos!E79)),Grupos!D79,0)+IF(AND(ISNUMBER(Grupos!D81),ISNUMBER(Grupos!E81)),Grupos!D81,0)+IF(AND(ISNUMBER(Grupos!E83),ISNUMBER(Grupos!D83)),Grupos!E83,0) | F34: =IF(AND(ISNUMBER(Grupos!D79),ISNUMBER(Grupos!E79)),Grupos!E79,0)+IF(AND(ISNUMBER(Grupos!D81),ISNUMBER(Grupos!E81)),Grupos!E81,0)+IF(AND(ISNUMBER(Grupos!E83),ISNUMBER(Grupos!D83)),Grupos!D83,0) | G34: =E34-F34 | H34: =IF(AND(AND(ISNUMBER(Grupos!D79),ISNUMBER(Grupos!E79)),D35=D34),IF(Grupos!D79>Grupos!E79,3,IF(Grupos!D79=Grupos!E79,1,0)),0)+IF(AND(AND(ISNUMBER(Grupos!D81),ISNUMBER(Grupos!E81)),D36=D34),IF(Grupos!D81>Grupos!E81,3,IF(Grupos!D81=Grupos!E81,1,0)),0)+IF(AND(AND(ISNUMBER(Grupos!E83),ISNUMBER(Grupos!D83)),D37=D34),IF(Grupos!E83>Grupos!D83,3,IF(Grupos!E83=Grupos!D83,1,0)),0) | I34: =IF(AND(AND(ISNUMBER(Grupos!D79),ISNUMBER(Grupos!E79)),D35=D34),Grupos!D79-Grupos!E79,0)+IF(AND(AND(ISNUMBER(Grupos!D81),ISNUMBER(Grupos!E81)),D36=D34),Grupos!D81-Grupos!E81,0)+IF(AND(AND(ISNUMBER(Grupos!E83),ISNUMBER(Grupos!D83)),D37=D34),Grupos!E83-Grupos!D83,0) | J34: =IF(AND(AND(ISNUMBER(Grupos!D79),ISNUMBER(Grupos!E79)),D35=D34),Grupos!D79,0)+IF(AND(AND(ISNUMBER(Grupos!D81),ISNUMBER(Grupos!E81)),D36=D34),Grupos!D81,0)+IF(AND(AND(ISNUMBER(Grupos!E83),ISNUMBER(Grupos!D83)),D37=D34),Grupos!E83,0) | K34: =D34*100000000000+H34*1000000000+(I34+50)*10000000+J34*100000+(G34+50)*1000+E34*10+(4-C34) | L34: =RANK(K34,K34:K37,0) | N34: =INDEX(B34:B37,MATCH(1,L34:L37,0)) | O34: =INDEX(B34:B37,MATCH(2,L34:L37,0)) | P34: =INDEX(B34:B37,MATCH(3,L34:L37,0))
A35: I | B35: SEN | C35: 2 | D35: =IF(AND(ISNUMBER(Grupos!E79),ISNUMBER(Grupos!D79)),IF(Grupos!E79>Grupos!D79,3,IF(Grupos!E79=Grupos!D79,1,0)),0)+IF(AND(ISNUMBER(Grupos!E82),ISNUMBER(Grupos!D82)),IF(Grupos!E82>Grupos!D82,3,IF(Grupos!E82=Grupos!D82,1,0)),0)+IF(AND(ISNUMBER(Grupos!D84),ISNUMBER(Grupos!E84)),IF(Grupos!D84>Grupos!E84,3,IF(Grupos!D84=Grupos!E84,1,0)),0) | E35: =IF(AND(ISNUMBER(Grupos!E79),ISNUMBER(Grupos!D79)),Grupos!E79,0)+IF(AND(ISNUMBER(Grupos!E82),ISNUMBER(Grupos!D82)),Grupos!E82,0)+IF(AND(ISNUMBER(Grupos!D84),ISNUMBER(Grupos!E84)),Grupos!D84,0) | F35: =IF(AND(ISNUMBER(Grupos!E79),ISNUMBER(Grupos!D79)),Grupos!D79,0)+IF(AND(ISNUMBER(Grupos!E82),ISNUMBER(Grupos!D82)),Grupos!D82,0)+IF(AND(ISNUMBER(Grupos!D84),ISNUMBER(Grupos!E84)),Grupos!E84,0) | G35: =E35-F35 | H35: =IF(AND(AND(ISNUMBER(Grupos!E79),ISNUMBER(Grupos!D79)),D34=D35),IF(Grupos!E79>Grupos!D79,3,IF(Grupos!E79=Grupos!D79,1,0)),0)+IF(AND(AND(ISNUMBER(Grupos!E82),ISNUMBER(Grupos!D82)),D37=D35),IF(Grupos!E82>Grupos!D82,3,IF(Grupos!E82=Grupos!D82,1,0)),0)+IF(AND(AND(ISNUMBER(Grupos!D84),ISNUMBER(Grupos!E84)),D36=D35),IF(Grupos!D84>Grupos!E84,3,IF(Grupos!D84=Grupos!E84,1,0)),0) | I35: =IF(AND(AND(ISNUMBER(Grupos!E79),ISNUMBER(Grupos!D79)),D34=D35),Grupos!E79-Grupos!D79,0)+IF(AND(AND(ISNUMBER(Grupos!E82),ISNUMBER(Grupos!D82)),D37=D35),Grupos!E82-Grupos!D82,0)+IF(AND(AND(ISNUMBER(Grupos!D84),ISNUMBER(Grupos!E84)),D36=D35),Grupos!D84-Grupos!E84,0) | J35: =IF(AND(AND(ISNUMBER(Grupos!E79),ISNUMBER(Grupos!D79)),D34=D35),Grupos!E79,0)+IF(AND(AND(ISNUMBER(Grupos!E82),ISNUMBER(Grupos!D82)),D37=D35),Grupos!E82,0)+IF(AND(AND(ISNUMBER(Grupos!D84),ISNUMBER(Grupos!E84)),D36=D35),Grupos!D84,0) | K35: =D35*100000000000+H35*1000000000+(I35+50)*10000000+J35*100000+(G35+50)*1000+E35*10+(4-C35) | L35: =RANK(K35,K34:K37,0)
A36: I | B36: IRQ | C36: 3 | D36: =IF(AND(ISNUMBER(Grupos!D80),ISNUMBER(Grupos!E80)),IF(Grupos!D80>Grupos!E80,3,IF(Grupos!D80=Grupos!E80,1,0)),0)+IF(AND(ISNUMBER(Grupos!E81),ISNUMBER(Grupos!D81)),IF(Grupos!E81>Grupos!D81,3,IF(Grupos!E81=Grupos!D81,1,0)),0)+IF(AND(ISNUMBER(Grupos!E84),ISNUMBER(Grupos!D84)),IF(Grupos!E84>Grupos!D84,3,IF(Grupos!E84=Grupos!D84,1,0)),0) | E36: =IF(AND(ISNUMBER(Grupos!D80),ISNUMBER(Grupos!E80)),Grupos!D80,0)+IF(AND(ISNUMBER(Grupos!E81),ISNUMBER(Grupos!D81)),Grupos!E81,0)+IF(AND(ISNUMBER(Grupos!E84),ISNUMBER(Grupos!D84)),Grupos!E84,0) | F36: =IF(AND(ISNUMBER(Grupos!D80),ISNUMBER(Grupos!E80)),Grupos!E80,0)+IF(AND(ISNUMBER(Grupos!E81),ISNUMBER(Grupos!D81)),Grupos!D81,0)+IF(AND(ISNUMBER(Grupos!E84),ISNUMBER(Grupos!D84)),Grupos!D84,0) | G36: =E36-F36 | H36: =IF(AND(AND(ISNUMBER(Grupos!D80),ISNUMBER(Grupos!E80)),D37=D36),IF(Grupos!D80>Grupos!E80,3,IF(Grupos!D80=Grupos!E80,1,0)),0)+IF(AND(AND(ISNUMBER(Grupos!E81),ISNUMBER(Grupos!D81)),D34=D36),IF(Grupos!E81>Grupos!D81,3,IF(Grupos!E81=Grupos!D81,1,0)),0)+IF(AND(AND(ISNUMBER(Grupos!E84),ISNUMBER(Grupos!D84)),D35=D36),IF(Grupos!E84>Grupos!D84,3,IF(Grupos!E84=Grupos!D84,1,0)),0) | I36: =IF(AND(AND(ISNUMBER(Grupos!D80),ISNUMBER(Grupos!E80)),D37=D36),Grupos!D80-Grupos!E80,0)+IF(AND(AND(ISNUMBER(Grupos!E81),ISNUMBER(Grupos!D81)),D34=D36),Grupos!E81-Grupos!D81,0)+IF(AND(AND(ISNUMBER(Grupos!E84),ISNUMBER(Grupos!D84)),D35=D36),Grupos!E84-Grupos!D84,0) | J36: =IF(AND(AND(ISNUMBER(Grupos!D80),ISNUMBER(Grupos!E80)),D37=D36),Grupos!D80,0)+IF(AND(AND(ISNUMBER(Grupos!E81),ISNUMBER(Grupos!D81)),D34=D36),Grupos!E81,0)+IF(AND(AND(ISNUMBER(Grupos!E84),ISNUMBER(Grupos!D84)),D35=D36),Grupos!E84,0) | K36: =D36*100000000000+H36*1000000000+(I36+50)*10000000+J36*100000+(G36+50)*1000+E36*10+(4-C36) | L36: =RANK(K36,K34:K37,0)
A37: I | B37: NOR | C37: 4 | D37: =IF(AND(ISNUMBER(Grupos!E80),ISNUMBER(Grupos!D80)),IF(Grupos!E80>Grupos!D80,3,IF(Grupos!E80=Grupos!D80,1,0)),0)+IF(AND(ISNUMBER(Grupos!D82),ISNUMBER(Grupos!E82)),IF(Grupos!D82>Grupos!E82,3,IF(Grupos!D82=Grupos!E82,1,0)),0)+IF(AND(ISNUMBER(Grupos!D83),ISNUMBER(Grupos!E83)),IF(Grupos!D83>Grupos!E83,3,IF(Grupos!D83=Grupos!E83,1,0)),0) | E37: =IF(AND(ISNUMBER(Grupos!E80),ISNUMBER(Grupos!D80)),Grupos!E80,0)+IF(AND(ISNUMBER(Grupos!D82),ISNUMBER(Grupos!E82)),Grupos!D82,0)+IF(AND(ISNUMBER(Grupos!D83),ISNUMBER(Grupos!E83)),Grupos!D83,0) | F37: =IF(AND(ISNUMBER(Grupos!E80),ISNUMBER(Grupos!D80)),Grupos!D80,0)+IF(AND(ISNUMBER(Grupos!D82),ISNUMBER(Grupos!E82)),Grupos!E82,0)+IF(AND(ISNUMBER(Grupos!D83),ISNUMBER(Grupos!E83)),Grupos!E83,0) | G37: =E37-F37 | H37: =IF(AND(AND(ISNUMBER(Grupos!E80),ISNUMBER(Grupos!D80)),D36=D37),IF(Grupos!E80>Grupos!D80,3,IF(Grupos!E80=Grupos!D80,1,0)),0)+IF(AND(AND(ISNUMBER(Grupos!D82),ISNUMBER(Grupos!E82)),D35=D37),IF(Grupos!D82>Grupos!E82,3,IF(Grupos!D82=Grupos!E82,1,0)),0)+IF(AND(AND(ISNUMBER(Grupos!D83),ISNUMBER(Grupos!E83)),D34=D37),IF(Grupos!D83>Grupos!E83,3,IF(Grupos!D83=Grupos!E83,1,0)),0) | I37: =IF(AND(AND(ISNUMBER(Grupos!E80),ISNUMBER(Grupos!D80)),D36=D37),Grupos!E80-Grupos!D80,0)+IF(AND(AND(ISNUMBER(Grupos!D82),ISNUMBER(Grupos!E82)),D35=D37),Grupos!D82-Grupos!E82,0)+IF(AND(AND(ISNUMBER(Grupos!D83),ISNUMBER(Grupos!E83)),D34=D37),Grupos!D83-Grupos!E83,0) | J37: =IF(AND(AND(ISNUMBER(Grupos!E80),ISNUMBER(Grupos!D80)),D36=D37),Grupos!E80,0)+IF(AND(AND(ISNUMBER(Grupos!D82),ISNUMBER(Grupos!E82)),D35=D37),Grupos!D82,0)+IF(AND(AND(ISNUMBER(Grupos!D83),ISNUMBER(Grupos!E83)),D34=D37),Grupos!D83,0) | K37: =D37*100000000000+H37*1000000000+(I37+50)*10000000+J37*100000+(G37+50)*1000+E37*10+(4-C37) | L37: =RANK(K37,K34:K37,0)
A38: J | B38: ARG | C38: 1 | D38: =IF(AND(ISNUMBER(Grupos!D88),ISNUMBER(Grupos!E88)),IF(Grupos!D88>Grupos!E88,3,IF(Grupos!D88=Grupos!E88,1,0)),0)+IF(AND(ISNUMBER(Grupos!D90),ISNUMBER(Grupos!E90)),IF(Grupos!D90>Grupos!E90,3,IF(Grupos!D90=Grupos!E90,1,0)),0)+IF(AND(ISNUMBER(Grupos!E93),ISNUMBER(Grupos!D93)),IF(Grupos!E93>Grupos!D93,3,IF(Grupos!E93=Grupos!D93,1,0)),0) | E38: =IF(AND(ISNUMBER(Grupos!D88),ISNUMBER(Grupos!E88)),Grupos!D88,0)+IF(AND(ISNUMBER(Grupos!D90),ISNUMBER(Grupos!E90)),Grupos!D90,0)+IF(AND(ISNUMBER(Grupos!E93),ISNUMBER(Grupos!D93)),Grupos!E93,0) | F38: =IF(AND(ISNUMBER(Grupos!D88),ISNUMBER(Grupos!E88)),Grupos!E88,0)+IF(AND(ISNUMBER(Grupos!D90),ISNUMBER(Grupos!E90)),Grupos!E90,0)+IF(AND(ISNUMBER(Grupos!E93),ISNUMBER(Grupos!D93)),Grupos!D93,0) | G38: =E38-F38 | H38: =IF(AND(AND(ISNUMBER(Grupos!D88),ISNUMBER(Grupos!E88)),D39=D38),IF(Grupos!D88>Grupos!E88,3,IF(Grupos!D88=Grupos!E88,1,0)),0)+IF(AND(AND(ISNUMBER(Grupos!D90),ISNUMBER(Grupos!E90)),D40=D38),IF(Grupos!D90>Grupos!E90,3,IF(Grupos!D90=Grupos!E90,1,0)),0)+IF(AND(AND(ISNUMBER(Grupos!E93),ISNUMBER(Grupos!D93)),D41=D38),IF(Grupos!E93>Grupos!D93,3,IF(Grupos!E93=Grupos!D93,1,0)),0) | I38: =IF(AND(AND(ISNUMBER(Grupos!D88),ISNUMBER(Grupos!E88)),D39=D38),Grupos!D88-Grupos!E88,0)+IF(AND(AND(ISNUMBER(Grupos!D90),ISNUMBER(Grupos!E90)),D40=D38),Grupos!D90-Grupos!E90,0)+IF(AND(AND(ISNUMBER(Grupos!E93),ISNUMBER(Grupos!D93)),D41=D38),Grupos!E93-Grupos!D93,0) | J38: =IF(AND(AND(ISNUMBER(Grupos!D88),ISNUMBER(Grupos!E88)),D39=D38),Grupos!D88,0)+IF(AND(AND(ISNUMBER(Grupos!D90),ISNUMBER(Grupos!E90)),D40=D38),Grupos!D90,0)+IF(AND(AND(ISNUMBER(Grupos!E93),ISNUMBER(Grupos!D93)),D41=D38),Grupos!E93,0) | K38: =D38*100000000000+H38*1000000000+(I38+50)*10000000+J38*100000+(G38+50)*1000+E38*10+(4-C38) | L38: =RANK(K38,K38:K41,0) | N38: =INDEX(B38:B41,MATCH(1,L38:L41,0)) | O38: =INDEX(B38:B41,MATCH(2,L38:L41,0)) | P38: =INDEX(B38:B41,MATCH(3,L38:L41,0))
A39: J | B39: ALG | C39: 2 | D39: =IF(AND(ISNUMBER(Grupos!E88),ISNUMBER(Grupos!D88)),IF(Grupos!E88>Grupos!D88,3,IF(Grupos!E88=Grupos!D88,1,0)),0)+IF(AND(ISNUMBER(Grupos!E91),ISNUMBER(Grupos!D91)),IF(Grupos!E91>Grupos!D91,3,IF(Grupos!E91=Grupos!D91,1,0)),0)+IF(AND(ISNUMBER(Grupos!D92),ISNUMBER(Grupos!E92)),IF(Grupos!D92>Grupos!E92,3,IF(Grupos!D92=Grupos!E92,1,0)),0) | E39: =IF(AND(ISNUMBER(Grupos!E88),ISNUMBER(Grupos!D88)),Grupos!E88,0)+IF(AND(ISNUMBER(Grupos!E91),ISNUMBER(Grupos!D91)),Grupos!E91,0)+IF(AND(ISNUMBER(Grupos!D92),ISNUMBER(Grupos!E92)),Grupos!D92,0) | F39: =IF(AND(ISNUMBER(Grupos!E88),ISNUMBER(Grupos!D88)),Grupos!D88,0)+IF(AND(ISNUMBER(Grupos!E91),ISNUMBER(Grupos!D91)),Grupos!D91,0)+IF(AND(ISNUMBER(Grupos!D92),ISNUMBER(Grupos!E92)),Grupos!E92,0) | G39: =E39-F39 | H39: =IF(AND(AND(ISNUMBER(Grupos!E88),ISNUMBER(Grupos!D88)),D38=D39),IF(Grupos!E88>Grupos!D88,3,IF(Grupos!E88=Grupos!D88,1,0)),0)+IF(AND(AND(ISNUMBER(Grupos!E91),ISNUMBER(Grupos!D91)),D41=D39),IF(Grupos!E91>Grupos!D91,3,IF(Grupos!E91=Grupos!D91,1,0)),0)+IF(AND(AND(ISNUMBER(Grupos!D92),ISNUMBER(Grupos!E92)),D40=D39),IF(Grupos!D92>Grupos!E92,3,IF(Grupos!D92=Grupos!E92,1,0)),0) | I39: =IF(AND(AND(ISNUMBER(Grupos!E88),ISNUMBER(Grupos!D88)),D38=D39),Grupos!E88-Grupos!D88,0)+IF(AND(AND(ISNUMBER(Grupos!E91),ISNUMBER(Grupos!D91)),D41=D39),Grupos!E91-Grupos!D91,0)+IF(AND(AND(ISNUMBER(Grupos!D92),ISNUMBER(Grupos!E92)),D40=D39),Grupos!D92-Grupos!E92,0) | J39: =IF(AND(AND(ISNUMBER(Grupos!E88),ISNUMBER(Grupos!D88)),D38=D39),Grupos!E88,0)+IF(AND(AND(ISNUMBER(Grupos!E91),ISNUMBER(Grupos!D91)),D41=D39),Grupos!E91,0)+IF(AND(AND(ISNUMBER(Grupos!D92),ISNUMBER(Grupos!E92)),D40=D39),Grupos!D92,0) | K39: =D39*100000000000+H39*1000000000+(I39+50)*10000000+J39*100000+(G39+50)*1000+E39*10+(4-C39) | L39: =RANK(K39,K38:K41,0)
A40: J | B40: AUT | C40: 3 | D40: =IF(AND(ISNUMBER(Grupos!D89),ISNUMBER(Grupos!E89)),IF(Grupos!D89>Grupos!E89,3,IF(Grupos!D89=Grupos!E89,1,0)),0)+IF(AND(ISNUMBER(Grupos!E90),ISNUMBER(Grupos!D90)),IF(Grupos!E90>Grupos!D90,3,IF(Grupos!E90=Grupos!D90,1,0)),0)+IF(AND(ISNUMBER(Grupos!E92),ISNUMBER(Grupos!D92)),IF(Grupos!E92>Grupos!D92,3,IF(Grupos!E92=Grupos!D92,1,0)),0) | E40: =IF(AND(ISNUMBER(Grupos!D89),ISNUMBER(Grupos!E89)),Grupos!D89,0)+IF(AND(ISNUMBER(Grupos!E90),ISNUMBER(Grupos!D90)),Grupos!E90,0)+IF(AND(ISNUMBER(Grupos!E92),ISNUMBER(Grupos!D92)),Grupos!E92,0) | F40: =IF(AND(ISNUMBER(Grupos!D89),ISNUMBER(Grupos!E89)),Grupos!E89,0)+IF(AND(ISNUMBER(Grupos!E90),ISNUMBER(Grupos!D90)),Grupos!D90,0)+IF(AND(ISNUMBER(Grupos!E92),ISNUMBER(Grupos!D92)),Grupos!D92,0) | G40: =E40-F40 | H40: =IF(AND(AND(ISNUMBER(Grupos!D89),ISNUMBER(Grupos!E89)),D41=D40),IF(Grupos!D89>Grupos!E89,3,IF(Grupos!D89=Grupos!E89,1,0)),0)+IF(AND(AND(ISNUMBER(Grupos!E90),ISNUMBER(Grupos!D90)),D38=D40),IF(Grupos!E90>Grupos!D90,3,IF(Grupos!E90=Grupos!D90,1,0)),0)+IF(AND(AND(ISNUMBER(Grupos!E92),ISNUMBER(Grupos!D92)),D39=D40),IF(Grupos!E92>Grupos!D92,3,IF(Grupos!E92=Grupos!D92,1,0)),0) | I40: =IF(AND(AND(ISNUMBER(Grupos!D89),ISNUMBER(Grupos!E89)),D41=D40),Grupos!D89-Grupos!E89,0)+IF(AND(AND(ISNUMBER(Grupos!E90),ISNUMBER(Grupos!D90)),D38=D40),Grupos!E90-Grupos!D90,0)+IF(AND(AND(ISNUMBER(Grupos!E92),ISNUMBER(Grupos!D92)),D39=D40),Grupos!E92-Grupos!D92,0) | J40: =IF(AND(AND(ISNUMBER(Grupos!D89),ISNUMBER(Grupos!E89)),D41=D40),Grupos!D89,0)+IF(AND(AND(ISNUMBER(Grupos!E90),ISNUMBER(Grupos!D90)),D38=D40),Grupos!E90,0)+IF(AND(AND(ISNUMBER(Grupos!E92),ISNUMBER(Grupos!D92)),D39=D40),Grupos!E92,0) | K40: =D40*100000000000+H40*1000000000+(I40+50)*10000000+J40*100000+(G40+50)*1000+E40*10+(4-C40) | L40: =RANK(K40,K38:K41,0)
A41: J | B41: JOR | C41: 4 | D41: =IF(AND(ISNUMBER(Grupos!E89),ISNUMBER(Grupos!D89)),IF(Grupos!E89>Grupos!D89,3,IF(Grupos!E89=Grupos!D89,1,0)),0)+IF(AND(ISNUMBER(Grupos!D91),ISNUMBER(Grupos!E91)),IF(Grupos!D91>Grupos!E91,3,IF(Grupos!D91=Grupos!E91,1,0)),0)+IF(AND(ISNUMBER(Grupos!D93),ISNUMBER(Grupos!E93)),IF(Grupos!D93>Grupos!E93,3,IF(Grupos!D93=Grupos!E93,1,0)),0) | E41: =IF(AND(ISNUMBER(Grupos!E89),ISNUMBER(Grupos!D89)),Grupos!E89,0)+IF(AND(ISNUMBER(Grupos!D91),ISNUMBER(Grupos!E91)),Grupos!D91,0)+IF(AND(ISNUMBER(Grupos!D93),ISNUMBER(Grupos!E93)),Grupos!D93,0) | F41: =IF(AND(ISNUMBER(Grupos!E89),ISNUMBER(Grupos!D89)),Grupos!D89,0)+IF(AND(ISNUMBER(Grupos!D91),ISNUMBER(Grupos!E91)),Grupos!E91,0)+IF(AND(ISNUMBER(Grupos!D93),ISNUMBER(Grupos!E93)),Grupos!E93,0) | G41: =E41-F41 | H41: =IF(AND(AND(ISNUMBER(Grupos!E89),ISNUMBER(Grupos!D89)),D40=D41),IF(Grupos!E89>Grupos!D89,3,IF(Grupos!E89=Grupos!D89,1,0)),0)+IF(AND(AND(ISNUMBER(Grupos!D91),ISNUMBER(Grupos!E91)),D39=D41),IF(Grupos!D91>Grupos!E91,3,IF(Grupos!D91=Grupos!E91,1,0)),0)+IF(AND(AND(ISNUMBER(Grupos!D93),ISNUMBER(Grupos!E93)),D38=D41),IF(Grupos!D93>Grupos!E93,3,IF(Grupos!D93=Grupos!E93,1,0)),0) | I41: =IF(AND(AND(ISNUMBER(Grupos!E89),ISNUMBER(Grupos!D89)),D40=D41),Grupos!E89-Grupos!D89,0)+IF(AND(AND(ISNUMBER(Grupos!D91),ISNUMBER(Grupos!E91)),D39=D41),Grupos!D91-Grupos!E91,0)+IF(AND(AND(ISNUMBER(Grupos!D93),ISNUMBER(Grupos!E93)),D38=D41),Grupos!D93-Grupos!E93,0) | J41: =IF(AND(AND(ISNUMBER(Grupos!E89),ISNUMBER(Grupos!D89)),D40=D41),Grupos!E89,0)+IF(AND(AND(ISNUMBER(Grupos!D91),ISNUMBER(Grupos!E91)),D39=D41),Grupos!D91,0)+IF(AND(AND(ISNUMBER(Grupos!D93),ISNUMBER(Grupos!E93)),D38=D41),Grupos!D93,0) | K41: =D41*100000000000+H41*1000000000+(I41+50)*10000000+J41*100000+(G41+50)*1000+E41*10+(4-C41) | L41: =RANK(K41,K38:K41,0)
A42: K | B42: POR | C42: 1 | D42: =IF(AND(ISNUMBER(Grupos!D97),ISNUMBER(Grupos!E97)),IF(Grupos!D97>Grupos!E97,3,IF(Grupos!D97=Grupos!E97,1,0)),0)+IF(AND(ISNUMBER(Grupos!D99),ISNUMBER(Grupos!E99)),IF(Grupos!D99>Grupos!E99,3,IF(Grupos!D99=Grupos!E99,1,0)),0)+IF(AND(ISNUMBER(Grupos!E101),ISNUMBER(Grupos!D101)),IF(Grupos!E101>Grupos!D101,3,IF(Grupos!E101=Grupos!D101,1,0)),0) | E42: =IF(AND(ISNUMBER(Grupos!D97),ISNUMBER(Grupos!E97)),Grupos!D97,0)+IF(AND(ISNUMBER(Grupos!D99),ISNUMBER(Grupos!E99)),Grupos!D99,0)+IF(AND(ISNUMBER(Grupos!E101),ISNUMBER(Grupos!D101)),Grupos!E101,0) | F42: =IF(AND(ISNUMBER(Grupos!D97),ISNUMBER(Grupos!E97)),Grupos!E97,0)+IF(AND(ISNUMBER(Grupos!D99),ISNUMBER(Grupos!E99)),Grupos!E99,0)+IF(AND(ISNUMBER(Grupos!E101),ISNUMBER(Grupos!D101)),Grupos!D101,0) | G42: =E42-F42 | H42: =IF(AND(AND(ISNUMBER(Grupos!D97),ISNUMBER(Grupos!E97)),D43=D42),IF(Grupos!D97>Grupos!E97,3,IF(Grupos!D97=Grupos!E97,1,0)),0)+IF(AND(AND(ISNUMBER(Grupos!D99),ISNUMBER(Grupos!E99)),D44=D42),IF(Grupos!D99>Grupos!E99,3,IF(Grupos!D99=Grupos!E99,1,0)),0)+IF(AND(AND(ISNUMBER(Grupos!E101),ISNUMBER(Grupos!D101)),D45=D42),IF(Grupos!E101>Grupos!D101,3,IF(Grupos!E101=Grupos!D101,1,0)),0) | I42: =IF(AND(AND(ISNUMBER(Grupos!D97),ISNUMBER(Grupos!E97)),D43=D42),Grupos!D97-Grupos!E97,0)+IF(AND(AND(ISNUMBER(Grupos!D99),ISNUMBER(Grupos!E99)),D44=D42),Grupos!D99-Grupos!E99,0)+IF(AND(AND(ISNUMBER(Grupos!E101),ISNUMBER(Grupos!D101)),D45=D42),Grupos!E101-Grupos!D101,0) | J42: =IF(AND(AND(ISNUMBER(Grupos!D97),ISNUMBER(Grupos!E97)),D43=D42),Grupos!D97,0)+IF(AND(AND(ISNUMBER(Grupos!D99),ISNUMBER(Grupos!E99)),D44=D42),Grupos!D99,0)+IF(AND(AND(ISNUMBER(Grupos!E101),ISNUMBER(Grupos!D101)),D45=D42),Grupos!E101,0) | K42: =D42*100000000000+H42*1000000000+(I42+50)*10000000+J42*100000+(G42+50)*1000+E42*10+(4-C42) | L42: =RANK(K42,K42:K45,0) | N42: =INDEX(B42:B45,MATCH(1,L42:L45,0)) | O42: =INDEX(B42:B45,MATCH(2,L42:L45,0)) | P42: =INDEX(B42:B45,MATCH(3,L42:L45,0))
A43: K | B43: COD | C43: 2 | D43: =IF(AND(ISNUMBER(Grupos!E97),ISNUMBER(Grupos!D97)),IF(Grupos!E97>Grupos!D97,3,IF(Grupos!E97=Grupos!D97,1,0)),0)+IF(AND(ISNUMBER(Grupos!E100),ISNUMBER(Grupos!D100)),IF(Grupos!E100>Grupos!D100,3,IF(Grupos!E100=Grupos!D100,1,0)),0)+IF(AND(ISNUMBER(Grupos!D102),ISNUMBER(Grupos!E102)),IF(Grupos!D102>Grupos!E102,3,IF(Grupos!D102=Grupos!E102,1,0)),0) | E43: =IF(AND(ISNUMBER(Grupos!E97),ISNUMBER(Grupos!D97)),Grupos!E97,0)+IF(AND(ISNUMBER(Grupos!E100),ISNUMBER(Grupos!D100)),Grupos!E100,0)+IF(AND(ISNUMBER(Grupos!D102),ISNUMBER(Grupos!E102)),Grupos!D102,0) | F43: =IF(AND(ISNUMBER(Grupos!E97),ISNUMBER(Grupos!D97)),Grupos!D97,0)+IF(AND(ISNUMBER(Grupos!E100),ISNUMBER(Grupos!D100)),Grupos!D100,0)+IF(AND(ISNUMBER(Grupos!D102),ISNUMBER(Grupos!E102)),Grupos!E102,0) | G43: =E43-F43 | H43: =IF(AND(AND(ISNUMBER(Grupos!E97),ISNUMBER(Grupos!D97)),D42=D43),IF(Grupos!E97>Grupos!D97,3,IF(Grupos!E97=Grupos!D97,1,0)),0)+IF(AND(AND(ISNUMBER(Grupos!E100),ISNUMBER(Grupos!D100)),D45=D43),IF(Grupos!E100>Grupos!D100,3,IF(Grupos!E100=Grupos!D100,1,0)),0)+IF(AND(AND(ISNUMBER(Grupos!D102),ISNUMBER(Grupos!E102)),D44=D43),IF(Grupos!D102>Grupos!E102,3,IF(Grupos!D102=Grupos!E102,1,0)),0) | I43: =IF(AND(AND(ISNUMBER(Grupos!E97),ISNUMBER(Grupos!D97)),D42=D43),Grupos!E97-Grupos!D97,0)+IF(AND(AND(ISNUMBER(Grupos!E100),ISNUMBER(Grupos!D100)),D45=D43),Grupos!E100-Grupos!D100,0)+IF(AND(AND(ISNUMBER(Grupos!D102),ISNUMBER(Grupos!E102)),D44=D43),Grupos!D102-Grupos!E102,0) | J43: =IF(AND(AND(ISNUMBER(Grupos!E97),ISNUMBER(Grupos!D97)),D42=D43),Grupos!E97,0)+IF(AND(AND(ISNUMBER(Grupos!E100),ISNUMBER(Grupos!D100)),D45=D43),Grupos!E100,0)+IF(AND(AND(ISNUMBER(Grupos!D102),ISNUMBER(Grupos!E102)),D44=D43),Grupos!D102,0) | K43: =D43*100000000000+H43*1000000000+(I43+50)*10000000+J43*100000+(G43+50)*1000+E43*10+(4-C43) | L43: =RANK(K43,K42:K45,0)
A44: K | B44: UZB | C44: 3 | D44: =IF(AND(ISNUMBER(Grupos!D98),ISNUMBER(Grupos!E98)),IF(Grupos!D98>Grupos!E98,3,IF(Grupos!D98=Grupos!E98,1,0)),0)+IF(AND(ISNUMBER(Grupos!E99),ISNUMBER(Grupos!D99)),IF(Grupos!E99>Grupos!D99,3,IF(Grupos!E99=Grupos!D99,1,0)),0)+IF(AND(ISNUMBER(Grupos!E102),ISNUMBER(Grupos!D102)),IF(Grupos!E102>Grupos!D102,3,IF(Grupos!E102=Grupos!D102,1,0)),0) | E44: =IF(AND(ISNUMBER(Grupos!D98),ISNUMBER(Grupos!E98)),Grupos!D98,0)+IF(AND(ISNUMBER(Grupos!E99),ISNUMBER(Grupos!D99)),Grupos!E99,0)+IF(AND(ISNUMBER(Grupos!E102),ISNUMBER(Grupos!D102)),Grupos!E102,0) | F44: =IF(AND(ISNUMBER(Grupos!D98),ISNUMBER(Grupos!E98)),Grupos!E98,0)+IF(AND(ISNUMBER(Grupos!E99),ISNUMBER(Grupos!D99)),Grupos!D99,0)+IF(AND(ISNUMBER(Grupos!E102),ISNUMBER(Grupos!D102)),Grupos!D102,0) | G44: =E44-F44 | H44: =IF(AND(AND(ISNUMBER(Grupos!D98),ISNUMBER(Grupos!E98)),D45=D44),IF(Grupos!D98>Grupos!E98,3,IF(Grupos!D98=Grupos!E98,1,0)),0)+IF(AND(AND(ISNUMBER(Grupos!E99),ISNUMBER(Grupos!D99)),D42=D44),IF(Grupos!E99>Grupos!D99,3,IF(Grupos!E99=Grupos!D99,1,0)),0)+IF(AND(AND(ISNUMBER(Grupos!E102),ISNUMBER(Grupos!D102)),D43=D44),IF(Grupos!E102>Grupos!D102,3,IF(Grupos!E102=Grupos!D102,1,0)),0) | I44: =IF(AND(AND(ISNUMBER(Grupos!D98),ISNUMBER(Grupos!E98)),D45=D44),Grupos!D98-Grupos!E98,0)+IF(AND(AND(ISNUMBER(Grupos!E99),ISNUMBER(Grupos!D99)),D42=D44),Grupos!E99-Grupos!D99,0)+IF(AND(AND(ISNUMBER(Grupos!E102),ISNUMBER(Grupos!D102)),D43=D44),Grupos!E102-Grupos!D102,0) | J44: =IF(AND(AND(ISNUMBER(Grupos!D98),ISNUMBER(Grupos!E98)),D45=D44),Grupos!D98,0)+IF(AND(AND(ISNUMBER(Grupos!E99),ISNUMBER(Grupos!D99)),D42=D44),Grupos!E99,0)+IF(AND(AND(ISNUMBER(Grupos!E102),ISNUMBER(Grupos!D102)),D43=D44),Grupos!E102,0) | K44: =D44*100000000000+H44*1000000000+(I44+50)*10000000+J44*100000+(G44+50)*1000+E44*10+(4-C44) | L44: =RANK(K44,K42:K45,0)
A45: K | B45: COL | C45: 4 | D45: =IF(AND(ISNUMBER(Grupos!E98),ISNUMBER(Grupos!D98)),IF(Grupos!E98>Grupos!D98,3,IF(Grupos!E98=Grupos!D98,1,0)),0)+IF(AND(ISNUMBER(Grupos!D100),ISNUMBER(Grupos!E100)),IF(Grupos!D100>Grupos!E100,3,IF(Grupos!D100=Grupos!E100,1,0)),0)+IF(AND(ISNUMBER(Grupos!D101),ISNUMBER(Grupos!E101)),IF(Grupos!D101>Grupos!E101,3,IF(Grupos!D101=Grupos!E101,1,0)),0) | E45: =IF(AND(ISNUMBER(Grupos!E98),ISNUMBER(Grupos!D98)),Grupos!E98,0)+IF(AND(ISNUMBER(Grupos!D100),ISNUMBER(Grupos!E100)),Grupos!D100,0)+IF(AND(ISNUMBER(Grupos!D101),ISNUMBER(Grupos!E101)),Grupos!D101,0) | F45: =IF(AND(ISNUMBER(Grupos!E98),ISNUMBER(Grupos!D98)),Grupos!D98,0)+IF(AND(ISNUMBER(Grupos!D100),ISNUMBER(Grupos!E100)),Grupos!E100,0)+IF(AND(ISNUMBER(Grupos!D101),ISNUMBER(Grupos!E101)),Grupos!E101,0) | G45: =E45-F45 | H45: =IF(AND(AND(ISNUMBER(Grupos!E98),ISNUMBER(Grupos!D98)),D44=D45),IF(Grupos!E98>Grupos!D98,3,IF(Grupos!E98=Grupos!D98,1,0)),0)+IF(AND(AND(ISNUMBER(Grupos!D100),ISNUMBER(Grupos!E100)),D43=D45),IF(Grupos!D100>Grupos!E100,3,IF(Grupos!D100=Grupos!E100,1,0)),0)+IF(AND(AND(ISNUMBER(Grupos!D101),ISNUMBER(Grupos!E101)),D42=D45),IF(Grupos!D101>Grupos!E101,3,IF(Grupos!D101=Grupos!E101,1,0)),0) | I45: =IF(AND(AND(ISNUMBER(Grupos!E98),ISNUMBER(Grupos!D98)),D44=D45),Grupos!E98-Grupos!D98,0)+IF(AND(AND(ISNUMBER(Grupos!D100),ISNUMBER(Grupos!E100)),D43=D45),Grupos!D100-Grupos!E100,0)+IF(AND(AND(ISNUMBER(Grupos!D101),ISNUMBER(Grupos!E101)),D42=D45),Grupos!D101-Grupos!E101,0) | J45: =IF(AND(AND(ISNUMBER(Grupos!E98),ISNUMBER(Grupos!D98)),D44=D45),Grupos!E98,0)+IF(AND(AND(ISNUMBER(Grupos!D100),ISNUMBER(Grupos!E100)),D43=D45),Grupos!D100,0)+IF(AND(AND(ISNUMBER(Grupos!D101),ISNUMBER(Grupos!E101)),D42=D45),Grupos!D101,0) | K45: =D45*100000000000+H45*1000000000+(I45+50)*10000000+J45*100000+(G45+50)*1000+E45*10+(4-C45) | L45: =RANK(K45,K42:K45,0)
A46: L | B46: ENG | C46: 1 | D46: =IF(AND(ISNUMBER(Grupos!D106),ISNUMBER(Grupos!E106)),IF(Grupos!D106>Grupos!E106,3,IF(Grupos!D106=Grupos!E106,1,0)),0)+IF(AND(ISNUMBER(Grupos!D108),ISNUMBER(Grupos!E108)),IF(Grupos!D108>Grupos!E108,3,IF(Grupos!D108=Grupos!E108,1,0)),0)+IF(AND(ISNUMBER(Grupos!E110),ISNUMBER(Grupos!D110)),IF(Grupos!E110>Grupos!D110,3,IF(Grupos!E110=Grupos!D110,1,0)),0) | E46: =IF(AND(ISNUMBER(Grupos!D106),ISNUMBER(Grupos!E106)),Grupos!D106,0)+IF(AND(ISNUMBER(Grupos!D108),ISNUMBER(Grupos!E108)),Grupos!D108,0)+IF(AND(ISNUMBER(Grupos!E110),ISNUMBER(Grupos!D110)),Grupos!E110,0) | F46: =IF(AND(ISNUMBER(Grupos!D106),ISNUMBER(Grupos!E106)),Grupos!E106,0)+IF(AND(ISNUMBER(Grupos!D108),ISNUMBER(Grupos!E108)),Grupos!E108,0)+IF(AND(ISNUMBER(Grupos!E110),ISNUMBER(Grupos!D110)),Grupos!D110,0) | G46: =E46-F46 | H46: =IF(AND(AND(ISNUMBER(Grupos!D106),ISNUMBER(Grupos!E106)),D47=D46),IF(Grupos!D106>Grupos!E106,3,IF(Grupos!D106=Grupos!E106,1,0)),0)+IF(AND(AND(ISNUMBER(Grupos!D108),ISNUMBER(Grupos!E108)),D48=D46),IF(Grupos!D108>Grupos!E108,3,IF(Grupos!D108=Grupos!E108,1,0)),0)+IF(AND(AND(ISNUMBER(Grupos!E110),ISNUMBER(Grupos!D110)),D49=D46),IF(Grupos!E110>Grupos!D110,3,IF(Grupos!E110=Grupos!D110,1,0)),0) | I46: =IF(AND(AND(ISNUMBER(Grupos!D106),ISNUMBER(Grupos!E106)),D47=D46),Grupos!D106-Grupos!E106,0)+IF(AND(AND(ISNUMBER(Grupos!D108),ISNUMBER(Grupos!E108)),D48=D46),Grupos!D108-Grupos!E108,0)+IF(AND(AND(ISNUMBER(Grupos!E110),ISNUMBER(Grupos!D110)),D49=D46),Grupos!E110-Grupos!D110,0) | J46: =IF(AND(AND(ISNUMBER(Grupos!D106),ISNUMBER(Grupos!E106)),D47=D46),Grupos!D106,0)+IF(AND(AND(ISNUMBER(Grupos!D108),ISNUMBER(Grupos!E108)),D48=D46),Grupos!D108,0)+IF(AND(AND(ISNUMBER(Grupos!E110),ISNUMBER(Grupos!D110)),D49=D46),Grupos!E110,0) | K46: =D46*100000000000+H46*1000000000+(I46+50)*10000000+J46*100000+(G46+50)*1000+E46*10+(4-C46) | L46: =RANK(K46,K46:K49,0) | N46: =INDEX(B46:B49,MATCH(1,L46:L49,0)) | O46: =INDEX(B46:B49,MATCH(2,L46:L49,0)) | P46: =INDEX(B46:B49,MATCH(3,L46:L49,0))
A47: L | B47: CRO | C47: 2 | D47: =IF(AND(ISNUMBER(Grupos!E106),ISNUMBER(Grupos!D106)),IF(Grupos!E106>Grupos!D106,3,IF(Grupos!E106=Grupos!D106,1,0)),0)+IF(AND(ISNUMBER(Grupos!E109),ISNUMBER(Grupos!D109)),IF(Grupos!E109>Grupos!D109,3,IF(Grupos!E109=Grupos!D109,1,0)),0)+IF(AND(ISNUMBER(Grupos!D111),ISNUMBER(Grupos!E111)),IF(Grupos!D111>Grupos!E111,3,IF(Grupos!D111=Grupos!E111,1,0)),0) | E47: =IF(AND(ISNUMBER(Grupos!E106),ISNUMBER(Grupos!D106)),Grupos!E106,0)+IF(AND(ISNUMBER(Grupos!E109),ISNUMBER(Grupos!D109)),Grupos!E109,0)+IF(AND(ISNUMBER(Grupos!D111),ISNUMBER(Grupos!E111)),Grupos!D111,0) | F47: =IF(AND(ISNUMBER(Grupos!E106),ISNUMBER(Grupos!D106)),Grupos!D106,0)+IF(AND(ISNUMBER(Grupos!E109),ISNUMBER(Grupos!D109)),Grupos!D109,0)+IF(AND(ISNUMBER(Grupos!D111),ISNUMBER(Grupos!E111)),Grupos!E111,0) | G47: =E47-F47 | H47: =IF(AND(AND(ISNUMBER(Grupos!E106),ISNUMBER(Grupos!D106)),D46=D47),IF(Grupos!E106>Grupos!D106,3,IF(Grupos!E106=Grupos!D106,1,0)),0)+IF(AND(AND(ISNUMBER(Grupos!E109),ISNUMBER(Grupos!D109)),D49=D47),IF(Grupos!E109>Grupos!D109,3,IF(Grupos!E109=Grupos!D109,1,0)),0)+IF(AND(AND(ISNUMBER(Grupos!D111),ISNUMBER(Grupos!E111)),D48=D47),IF(Grupos!D111>Grupos!E111,3,IF(Grupos!D111=Grupos!E111,1,0)),0) | I47: =IF(AND(AND(ISNUMBER(Grupos!E106),ISNUMBER(Grupos!D106)),D46=D47),Grupos!E106-Grupos!D106,0)+IF(AND(AND(ISNUMBER(Grupos!E109),ISNUMBER(Grupos!D109)),D49=D47),Grupos!E109-Grupos!D109,0)+IF(AND(AND(ISNUMBER(Grupos!D111),ISNUMBER(Grupos!E111)),D48=D47),Grupos!D111-Grupos!E111,0) | J47: =IF(AND(AND(ISNUMBER(Grupos!E106),ISNUMBER(Grupos!D106)),D46=D47),Grupos!E106,0)+IF(AND(AND(ISNUMBER(Grupos!E109),ISNUMBER(Grupos!D109)),D49=D47),Grupos!E109,0)+IF(AND(AND(ISNUMBER(Grupos!D111),ISNUMBER(Grupos!E111)),D48=D47),Grupos!D111,0) | K47: =D47*100000000000+H47*1000000000+(I47+50)*10000000+J47*100000+(G47+50)*1000+E47*10+(4-C47) | L47: =RANK(K47,K46:K49,0)
A48: L | B48: GHA | C48: 3 | D48: =IF(AND(ISNUMBER(Grupos!D107),ISNUMBER(Grupos!E107)),IF(Grupos!D107>Grupos!E107,3,IF(Grupos!D107=Grupos!E107,1,0)),0)+IF(AND(ISNUMBER(Grupos!E108),ISNUMBER(Grupos!D108)),IF(Grupos!E108>Grupos!D108,3,IF(Grupos!E108=Grupos!D108,1,0)),0)+IF(AND(ISNUMBER(Grupos!E111),ISNUMBER(Grupos!D111)),IF(Grupos!E111>Grupos!D111,3,IF(Grupos!E111=Grupos!D111,1,0)),0) | E48: =IF(AND(ISNUMBER(Grupos!D107),ISNUMBER(Grupos!E107)),Grupos!D107,0)+IF(AND(ISNUMBER(Grupos!E108),ISNUMBER(Grupos!D108)),Grupos!E108,0)+IF(AND(ISNUMBER(Grupos!E111),ISNUMBER(Grupos!D111)),Grupos!E111,0) | F48: =IF(AND(ISNUMBER(Grupos!D107),ISNUMBER(Grupos!E107)),Grupos!E107,0)+IF(AND(ISNUMBER(Grupos!E108),ISNUMBER(Grupos!D108)),Grupos!D108,0)+IF(AND(ISNUMBER(Grupos!E111),ISNUMBER(Grupos!D111)),Grupos!D111,0) | G48: =E48-F48 | H48: =IF(AND(AND(ISNUMBER(Grupos!D107),ISNUMBER(Grupos!E107)),D49=D48),IF(Grupos!D107>Grupos!E107,3,IF(Grupos!D107=Grupos!E107,1,0)),0)+IF(AND(AND(ISNUMBER(Grupos!E108),ISNUMBER(Grupos!D108)),D46=D48),IF(Grupos!E108>Grupos!D108,3,IF(Grupos!E108=Grupos!D108,1,0)),0)+IF(AND(AND(ISNUMBER(Grupos!E111),ISNUMBER(Grupos!D111)),D47=D48),IF(Grupos!E111>Grupos!D111,3,IF(Grupos!E111=Grupos!D111,1,0)),0) | I48: =IF(AND(AND(ISNUMBER(Grupos!D107),ISNUMBER(Grupos!E107)),D49=D48),Grupos!D107-Grupos!E107,0)+IF(AND(AND(ISNUMBER(Grupos!E108),ISNUMBER(Grupos!D108)),D46=D48),Grupos!E108-Grupos!D108,0)+IF(AND(AND(ISNUMBER(Grupos!E111),ISNUMBER(Grupos!D111)),D47=D48),Grupos!E111-Grupos!D111,0) | J48: =IF(AND(AND(ISNUMBER(Grupos!D107),ISNUMBER(Grupos!E107)),D49=D48),Grupos!D107,0)+IF(AND(AND(ISNUMBER(Grupos!E108),ISNUMBER(Grupos!D108)),D46=D48),Grupos!E108,0)+IF(AND(AND(ISNUMBER(Grupos!E111),ISNUMBER(Grupos!D111)),D47=D48),Grupos!E111,0) | K48: =D48*100000000000+H48*1000000000+(I48+50)*10000000+J48*100000+(G48+50)*1000+E48*10+(4-C48) | L48: =RANK(K48,K46:K49,0)
A49: L | B49: PAN | C49: 4 | D49: =IF(AND(ISNUMBER(Grupos!E107),ISNUMBER(Grupos!D107)),IF(Grupos!E107>Grupos!D107,3,IF(Grupos!E107=Grupos!D107,1,0)),0)+IF(AND(ISNUMBER(Grupos!D109),ISNUMBER(Grupos!E109)),IF(Grupos!D109>Grupos!E109,3,IF(Grupos!D109=Grupos!E109,1,0)),0)+IF(AND(ISNUMBER(Grupos!D110),ISNUMBER(Grupos!E110)),IF(Grupos!D110>Grupos!E110,3,IF(Grupos!D110=Grupos!E110,1,0)),0) | E49: =IF(AND(ISNUMBER(Grupos!E107),ISNUMBER(Grupos!D107)),Grupos!E107,0)+IF(AND(ISNUMBER(Grupos!D109),ISNUMBER(Grupos!E109)),Grupos!D109,0)+IF(AND(ISNUMBER(Grupos!D110),ISNUMBER(Grupos!E110)),Grupos!D110,0) | F49: =IF(AND(ISNUMBER(Grupos!E107),ISNUMBER(Grupos!D107)),Grupos!D107,0)+IF(AND(ISNUMBER(Grupos!D109),ISNUMBER(Grupos!E109)),Grupos!E109,0)+IF(AND(ISNUMBER(Grupos!D110),ISNUMBER(Grupos!E110)),Grupos!E110,0) | G49: =E49-F49 | H49: =IF(AND(AND(ISNUMBER(Grupos!E107),ISNUMBER(Grupos!D107)),D48=D49),IF(Grupos!E107>Grupos!D107,3,IF(Grupos!E107=Grupos!D107,1,0)),0)+IF(AND(AND(ISNUMBER(Grupos!D109),ISNUMBER(Grupos!E109)),D47=D49),IF(Grupos!D109>Grupos!E109,3,IF(Grupos!D109=Grupos!E109,1,0)),0)+IF(AND(AND(ISNUMBER(Grupos!D110),ISNUMBER(Grupos!E110)),D46=D49),IF(Grupos!D110>Grupos!E110,3,IF(Grupos!D110=Grupos!E110,1,0)),0) | I49: =IF(AND(AND(ISNUMBER(Grupos!E107),ISNUMBER(Grupos!D107)),D48=D49),Grupos!E107-Grupos!D107,0)+IF(AND(AND(ISNUMBER(Grupos!D109),ISNUMBER(Grupos!E109)),D47=D49),Grupos!D109-Grupos!E109,0)+IF(AND(AND(ISNUMBER(Grupos!D110),ISNUMBER(Grupos!E110)),D46=D49),Grupos!D110-Grupos!E110,0) | J49: =IF(AND(AND(ISNUMBER(Grupos!E107),ISNUMBER(Grupos!D107)),D48=D49),Grupos!E107,0)+IF(AND(AND(ISNUMBER(Grupos!D109),ISNUMBER(Grupos!E109)),D47=D49),Grupos!D109,0)+IF(AND(AND(ISNUMBER(Grupos!D110),ISNUMBER(Grupos!E110)),D46=D49),Grupos!D110,0) | K49: =D49*100000000000+H49*1000000000+(I49+50)*10000000+J49*100000+(G49+50)*1000+E49*10+(4-C49) | L49: =RANK(K49,K46:K49,0)
A52: A | B52: =P2 | C52: =INDEX(D2:D5,MATCH(3,L2:L5,0)) | D52: =INDEX(G2:G5,MATCH(3,L2:L5,0)) | E52: =INDEX(E2:E5,MATCH(3,L2:L5,0)) | F52: =C52*10000000+(D52+50)*10000+E52*100+1 | G52: =RANK(F52,F52:F63,0)
A53: B | B53: =P6 | C53: =INDEX(D6:D9,MATCH(3,L6:L9,0)) | D53: =INDEX(G6:G9,MATCH(3,L6:L9,0)) | E53: =INDEX(E6:E9,MATCH(3,L6:L9,0)) | F53: =C53*10000000+(D53+50)*10000+E53*100+2 | G53: =RANK(F53,F52:F63,0)
A54: C | B54: =P10 | C54: =INDEX(D10:D13,MATCH(3,L10:L13,0)) | D54: =INDEX(G10:G13,MATCH(3,L10:L13,0)) | E54: =INDEX(E10:E13,MATCH(3,L10:L13,0)) | F54: =C54*10000000+(D54+50)*10000+E54*100+3 | G54: =RANK(F54,F52:F63,0)
A55: D | B55: =P14 | C55: =INDEX(D14:D17,MATCH(3,L14:L17,0)) | D55: =INDEX(G14:G17,MATCH(3,L14:L17,0)) | E55: =INDEX(E14:E17,MATCH(3,L14:L17,0)) | F55: =C55*10000000+(D55+50)*10000+E55*100+4 | G55: =RANK(F55,F52:F63,0)
A56: E | B56: =P18 | C56: =INDEX(D18:D21,MATCH(3,L18:L21,0)) | D56: =INDEX(G18:G21,MATCH(3,L18:L21,0)) | E56: =INDEX(E18:E21,MATCH(3,L18:L21,0)) | F56: =C56*10000000+(D56+50)*10000+E56*100+5 | G56: =RANK(F56,F52:F63,0)
A57: F | B57: =P22 | C57: =INDEX(D22:D25,MATCH(3,L22:L25,0)) | D57: =INDEX(G22:G25,MATCH(3,L22:L25,0)) | E57: =INDEX(E22:E25,MATCH(3,L22:L25,0)) | F57: =C57*10000000+(D57+50)*10000+E57*100+6 | G57: =RANK(F57,F52:F63,0)
A58: G | B58: =P26 | C58: =INDEX(D26:D29,MATCH(3,L26:L29,0)) | D58: =INDEX(G26:G29,MATCH(3,L26:L29,0)) | E58: =INDEX(E26:E29,MATCH(3,L26:L29,0)) | F58: =C58*10000000+(D58+50)*10000+E58*100+7 | G58: =RANK(F58,F52:F63,0)
A59: H | B59: =P30 | C59: =INDEX(D30:D33,MATCH(3,L30:L33,0)) | D59: =INDEX(G30:G33,MATCH(3,L30:L33,0)) | E59: =INDEX(E30:E33,MATCH(3,L30:L33,0)) | F59: =C59*10000000+(D59+50)*10000+E59*100+8 | G59: =RANK(F59,F52:F63,0)
A60: I | B60: =P34 | C60: =INDEX(D34:D37,MATCH(3,L34:L37,0)) | D60: =INDEX(G34:G37,MATCH(3,L34:L37,0)) | E60: =INDEX(E34:E37,MATCH(3,L34:L37,0)) | F60: =C60*10000000+(D60+50)*10000+E60*100+9 | G60: =RANK(F60,F52:F63,0)
A61: J | B61: =P38 | C61: =INDEX(D38:D41,MATCH(3,L38:L41,0)) | D61: =INDEX(G38:G41,MATCH(3,L38:L41,0)) | E61: =INDEX(E38:E41,MATCH(3,L38:L41,0)) | F61: =C61*10000000+(D61+50)*10000+E61*100+10 | G61: =RANK(F61,F52:F63,0)
A62: K | B62: =P42 | C62: =INDEX(D42:D45,MATCH(3,L42:L45,0)) | D62: =INDEX(G42:G45,MATCH(3,L42:L45,0)) | E62: =INDEX(E42:E45,MATCH(3,L42:L45,0)) | F62: =C62*10000000+(D62+50)*10000+E62*100+11 | G62: =RANK(F62,F52:F63,0)
A63: L | B63: =P46 | C63: =INDEX(D46:D49,MATCH(3,L46:L49,0)) | D63: =INDEX(G46:G49,MATCH(3,L46:L49,0)) | E63: =INDEX(E46:E49,MATCH(3,L46:L49,0)) | F63: =C63*10000000+(D63+50)*10000+E63*100+12 | G63: =RANK(F63,F52:F63,0)
A66: =IF(G52<=8,"A","")&IF(G53<=8,"B","")&IF(G54<=8,"C","")&IF(G55<=8,"D","")&IF(G56<=8,"E","")&IF(G57<=8,"F","")&IF(G58<=8,"G","")&IF(G59<=8,"H","")&IF(G60<=8,"I","")&IF(G61<=8,"J","")&IF(G62<=8,"K","")&IF(G63<=8,"L","")
A70: 74 | B70: =VLOOKUP(_calc!$A$66,_t495!$A:$I,2,FALSE) | C70: =INDEX($B$52:$B$63,MATCH(B70,$A$52:$A$63,0))
A71: 77 | B71: =VLOOKUP(_calc!$A$66,_t495!$A:$I,3,FALSE) | C71: =INDEX($B$52:$B$63,MATCH(B71,$A$52:$A$63,0))
A72: 79 | B72: =VLOOKUP(_calc!$A$66,_t495!$A:$I,4,FALSE) | C72: =INDEX($B$52:$B$63,MATCH(B72,$A$52:$A$63,0))
A73: 80 | B73: =VLOOKUP(_calc!$A$66,_t495!$A:$I,5,FALSE) | C73: =INDEX($B$52:$B$63,MATCH(B73,$A$52:$A$63,0))
A74: 81 | B74: =VLOOKUP(_calc!$A$66,_t495!$A:$I,6,FALSE) | C74: =INDEX($B$52:$B$63,MATCH(B74,$A$52:$A$63,0))
A75: 82 | B75: =VLOOKUP(_calc!$A$66,_t495!$A:$I,7,FALSE) | C75: =INDEX($B$52:$B$63,MATCH(B75,$A$52:$A$63,0))
A76: 85 | B76: =VLOOKUP(_calc!$A$66,_t495!$A:$I,8,FALSE) | C76: =INDEX($B$52:$B$63,MATCH(B76,$A$52:$A$63,0))
A77: 87 | B77: =VLOOKUP(_calc!$A$66,_t495!$A:$I,9,FALSE) | C77: =INDEX($B$52:$B$63,MATCH(B77,$A$52:$A$63,0))
A80: 73 | B80: =_calc!$O$2 | C80: =_calc!$O$6
A81: 74 | B81: =_calc!$N$18 | C81: =_calc!$C$70
A82: 75 | B82: =_calc!$N$22 | C82: =_calc!$O$10
A83: 76 | B83: =_calc!$N$10 | C83: =_calc!$O$22
A84: 77 | B84: =_calc!$N$34 | C84: =_calc!$C$71
A85: 78 | B85: =_calc!$O$18 | C85: =_calc!$O$34
A86: 79 | B86: =_calc!$N$2 | C86: =_calc!$C$72
A87: 80 | B87: =_calc!$N$46 | C87: =_calc!$C$73
A88: 81 | B88: =_calc!$N$14 | C88: =_calc!$C$74
A89: 82 | B89: =_calc!$N$26 | C89: =_calc!$C$75
A90: 83 | B90: =_calc!$O$42 | C90: =_calc!$O$46
A91: 84 | B91: =_calc!$N$30 | C91: =_calc!$O$38
A92: 85 | B92: =_calc!$N$6 | C92: =_calc!$C$76
A93: 86 | B93: =_calc!$N$38 | C93: =_calc!$O$30
A94: 87 | B94: =_calc!$N$42 | C94: =_calc!$C$77
A95: 88 | B95: =_calc!$O$14 | C95: =_calc!$O$26

Sheet _t495
A1: combo | B1: m74 | C1: m77 | D1: m79 | E1: m80 | F1: m81 | G1: m82 | H1: m85 | I1: m87
A2: EFGHIJKL | B2: F | C2: G | D2: E | E2: K | F2: I | G2: H | H2: J | I2: L
A3: DFGHIJKL | B3: D | C3: F | D3: H | E3: K | F3: I | G3: J | H3: G | I3: L
A4: DEGHIJKL | B4: D | C4: G | D4: E | E4: K | F4: I | G4: H | H4: J | I4: L
A5: DEFHIJKL | B5: D | C5: F | D5: E | E5: K | F5: I | G5: H | H5: J | I5: L
A6: DEFGIJKL | B6: D | C6: F | D6: E | E6: K | F6: I | G6: J | H6: G | I6: L
A7: DEFGHJKL | B7: D | C7: F | D7: E | E7: K | F7: J | G7: H | H7: G | I7: L
A8: DEFGHIKL | B8: D | C8: F | D8: E | E8: K | F8: I | G8: H | H8: G | I8: L
A9: DEFGHIJL | B9: D | C9: F | D9: E | E9: I | F9: J | G9: H | H9: G | I9: L
A10: DEFGHIJK | B10: D | C10: F | D10: E | E10: K | F10: J | G10: H | H10: G | I10: I
A11: CFGHIJKL | B11: C | C11: F | D11: H | E11: K | F11: I | G11: J | H11: G | I11: L
A12: CEGHIJKL | B12: C | C12: G | D12: E | E12: K | F12: I | G12: H | H12: J | I12: L
... A496: ABCDEFGH | B496: C | C496: F | D496: H | E496: E | F496: B | G496: A | H496: G | I496: D

Sheet _eq
A1: code | B1: nombre | C1: iso
A2: MEX | B2: México | C2: mx
A3: RSA | B3: Sudáfrica | C3: za
A4: KOR | B4: Corea del Sur | C4: kr
A5: CZE | B5: Chequia | C5: cz
A6: CAN | B6: Canadá | C6: ca
A7: BIH | B7: Bosnia y Herzegovina | C7: ba
A8: QAT | B8: Catar | C8: qa
A9: SUI | B9: Suiza | C9: ch
A10: BRA | B10: Brasil | C10: br
A11: MAR | B11: Marruecos | C11: ma
A12: HAI | B12: Haití | C12: ht
... A49: PAN | B49: Panamá | C49: pa
